Date,Name,Type,Moving Time,Distance (km),Elevation Gain (m),Avg Moving Speed (kph),Avg Pace (/km),Calories,Best 20min Speed (kph),Best 20min Pace (/km),Running Stress Score,Running Stress Score / h,Avg HR (bpm),HRSS,HRSS / h,Best 20min HR (bpm),Cadence Avg Moving (rpm or spm),Avg Watts (w),Avg Watts / Kilograms (w/kg),Best 20min Power (w),Power Stress Score,Power Stress Score / h,Athlete Settings,Delete
2017-08-05T09:32:39-04:00,Morning Ride,Ride,1:57:33,52,811.4,25.9,2:18,1332,31.7,1:53,-,-,151,126,63,163,-,168,2.4,199,-,0,MaxHr 190bpm. RestHr 65bpm. Weight 70kg.,
2017-08-13T13:14:20-04:00,Lunch Ride,Ride,1:44:31,40.5,350.4,22.4,2:41,941,29.7,2:01,-,-,131,70,39,148,-,134,1.91,164,-,0,MaxHr 190bpm. RestHr 65bpm. Weight 70kg.,
2017-08-14T13:41:10-04:00,Lunch Ride,Ride,2:26:41,53.7,1015.8,22,2:43,1432,27.6,2:10,-,-,150,161,66,166,-,146,2.09,188,-,0,MaxHr 190bpm. RestHr 65bpm. Weight 70kg.,
2019-09-19T23:45:00-04:00,Complimentary calisthenics,Workout,1:00:00,0,0,-,-,-,-,-,-,-,-,-,-,-,-,-,-,-,-,-,Weight 70kg.,
2017-08-16T11:44:59-04:00,Ride de perdedor que se estalla dos veces ;(,Ride,3:02:58,70.1,1185.3,22.5,2:39,1827,29.6,2:01,-,-,148,191,61,166,-,153,2.18,197,-,0,MaxHr 190bpm. RestHr 65bpm. Weight 70kg.,
2017-08-18T10:09:39-04:00,Ride de campeón que no se estalla ninguna vez ;),Ride,2:52:59,70.9,1202.7,24.5,2:26,1817,31.7,1:53,-,-,149,175,61,158,-,156,2.23,187,-,0,MaxHr 190bpm. RestHr 65bpm. Weight 70kg.,
2017-08-19T11:34:17-04:00,Morning Ride,Ride,2:59:16,41.1,938,13.5,4:27,1604,23.7,2:31,-,-,126,102,33,147,-,139,1.98,210,-,0,MaxHr 190bpm. RestHr 65bpm. Weight 70kg.,
2017-08-22T10:57:14-04:00,Puris,Ride,2:28:28,53.4,1195,21.5,2:47,1514,29.4,2:02,-,-,149,156,63,160,-,155,2.21,200,-,0,MaxHr 190bpm. RestHr 65bpm. Weight 70kg.,
2017-08-25T10:14:13-04:00,Morning Ride,Ride,2:59:24,72.7,1239.2,24.3,2:28,1877,30.4,1:58,-,-,154,208,69,165,-,158,2.26,202,-,0,MaxHr 190bpm. RestHr 65bpm. Weight 70kg.,
2019-09-12T22:45:00-04:00,Complimentary calisthenics,Workout,1:00:00,0,0,-,-,-,-,-,-,-,-,-,-,-,-,-,-,-,-,-,Weight 70kg.,
2017-08-26T11:47:04-04:00,Morning Ride,Ride,3:19:24,45.1,1061.1,13.2,4:32,1758,17,3:31,-,-,129,124,36,159,-,136,1.94,220,-,0,MaxHr 190bpm. RestHr 65bpm. Weight 70kg.,
2017-08-28T11:24:40-04:00,Contra el tiempo,Ride,1:21:57,33.8,631.6,24.6,2:26,953,30.1,1:59,-,-,153,93,68,157,-,179,2.55,199,-,0,MaxHr 190bpm. RestHr 65bpm. Weight 70kg.,
2017-08-29T08:27:30-04:00,Entrenamiento,Ride,1:46:34,55.5,495.6,31.2,1:55,1177,32.3,1:51,-,-,156,123,69,161,-,163,2.33,182,-,0,MaxHr 190bpm. RestHr 65bpm. Weight 70kg.,
2017-09-01T10:46:54-04:00,Morning Ride,Ride,3:06:13,74.9,1262.1,23.6,2:32,1988,28.7,2:05,-,-,151,205,65,163,-,164,2.35,218,-,0,MaxHr 190bpm. RestHr 65bpm. Weight 70kg.,
2017-09-12T08:53:53-04:00,Not chilling again,Ride,2:53:39,70.5,1206.5,24.3,2:28,1842,30.2,1:59,-,-,154,201,70,162,-,160,2.28,204,-,0,MaxHr 190bpm. RestHr 65bpm. Weight 70kg.,
2019-09-05T23:20:00-04:00,Complimentary calisthenics,Workout,1:00:00,0,0,-,-,-,-,-,-,-,-,-,-,-,-,-,-,-,-,-,Weight 70kg.,
2017-09-15T11:49:10-04:00,Ride de la independencia,Ride,2:19:54,53.8,1006.7,22.9,2:37,1473,28.3,2:07,-,-,155,171,73,168,-,161,2.3,186,-,0,MaxHr 190bpm. RestHr 65bpm. Weight 70kg.,
2017-09-16T12:41:17-04:00,¿?,Ride,2:21:15,50.1,898,21.2,2:49,1321,27.7,2:09,-,-,145,132,56,156,-,143,2.04,191,-,0,MaxHr 190bpm. RestHr 65bpm. Weight 70kg.,
2017-09-18T13:19:29-04:00,Lunch Ride,Ride,1:54:01,40.3,794.6,21.2,2:50,1050,26.5,2:15,-,-,147,115,61,163,-,139,1.98,179,-,0,MaxHr 190bpm. RestHr 65bpm. Weight 70kg.,
2017-09-25T10:46:22-04:00,Morning Ride,Ride,2:14:11,53.4,1006.7,23.6,2:32,1443,29.9,2:00,-,-,156,169,75,173,-,162,2.31,209,-,0,MaxHr 190bpm. RestHr 65bpm. Weight 70kg.,
2017-09-26T11:35:45-04:00,Morning Ride,Ride,2:13:50,53.4,1012.3,23.8,2:31,1460,29.4,2:02,-,-,160,187,83,178,-,164,2.35,219,-,0,MaxHr 190bpm. RestHr 65bpm. Weight 70kg.,
2019-08-28T23:15:00-04:00,Complimentary calisthenics,Workout,0:45:00,0,0,-,-,-,-,-,-,-,-,-,-,-,-,-,-,-,-,-,Weight 70kg.,
2017-09-29T10:25:48-04:00,Fondo,Ride,5:23:21,124.3,2602,22.6,2:39,3343,31.3,1:55,-,-,154,391,71,174,-,144,2.06,205,-,0,MaxHr 190bpm. RestHr 65bpm. Weight 70kg.,
2017-09-30T09:07:22-04:00,Morning Ride,Ride,2:32:06,40.6,716.4,15.4,3:53,932,23.1,2:35,-,-,126,86,33,147,-,81,1.16,171,-,0,MaxHr 190bpm. RestHr 65bpm. Weight 70kg.,
2017-10-06T10:04:53-04:00,Morning Ride,Ride,2:21:58,51.9,970.4,21.9,2:44,1289,26.8,2:14,-,-,149,150,63,161,-,124,1.78,171,-,0,MaxHr 190bpm. RestHr 65bpm. Weight 70kg.,
2017-10-07T09:10:41-04:00,Morning Ride,Ride,2:11:54,50.3,1123.6,22.2,2:42,1354,30.6,1:57,-,-,157,179,79,178,-,141,2.02,218,-,0,MaxHr 190bpm. RestHr 65bpm. Weight 70kg.,
2017-10-10T11:24:39-04:00,Morning Ride,Ride,2:19:41,52,970.3,22,2:43,1302,27.1,2:12,-,-,151,157,67,162,-,129,1.85,180,-,0,MaxHr 190bpm. RestHr 65bpm. Weight 70kg.,
2017-10-16T12:25:22-04:00,Garmin sin batería,Ride,2:02:16,45.9,822,22.5,2:39,1126,30.9,1:56,-,-,157,156,76,172,-,127,1.82,167,-,0,MaxHr 190bpm. RestHr 65bpm. Weight 70kg.,
2017-10-17T10:27:07-04:00,Morning Ride,Ride,2:13:18,51.9,968.8,23.3,2:34,1323,30.2,1:59,-,-,156,166,75,173,-,138,1.97,186,-,0,MaxHr 190bpm. RestHr 65bpm. Weight 70kg.,
2017-10-20T11:40:04-04:00,Morning Ride,Ride,2:14:04,51.9,960.4,23.2,2:35,1310,29.3,2:03,-,-,155,159,71,165,-,139,1.99,178,-,0,MaxHr 190bpm. RestHr 65bpm. Weight 70kg.,
2017-10-21T10:29:16-04:00,Ride,Ride,3:32:38,54.1,1111.9,14.2,4:14,2134,25.9,2:19,-,-,130,142,37,153,-,168,2.39,235,-,0,MaxHr 190bpm. RestHr 65bpm. Weight 70kg.,
2017-10-24T11:40:30-04:00,Morning Ride,Ride,2:14:02,50.3,1131.8,22.5,2:40,1330,30.8,1:56,-,-,153,153,69,168,-,135,1.93,189,-,0,MaxHr 190bpm. RestHr 65bpm. Weight 70kg.,
2017-10-26T12:13:44-04:00,Morning Ride,Ride,2:13:23,51.9,966.7,23.3,2:34,1320,29.5,2:02,-,-,152,153,69,163,-,138,1.97,185,-,0,MaxHr 190bpm. RestHr 65bpm. Weight 70kg.,
2017-10-28T12:15:15-04:00,Fondo,Ride,4:43:21,110.3,2063.6,22.9,2:37,2756,30.3,1:58,-,-,153,335,70,170,-,137,1.95,201,-,0,MaxHr 190bpm. RestHr 65bpm. Weight 70kg.,
2017-10-29T11:05:39-04:00,MTB Moreños,Ride,1:45:47,28.4,825.7,15.9,3:46,1296,26.5,2:15,-,-,174,198,110,187,-,196,2.8,269,-,0,MaxHr 190bpm. RestHr 65bpm. Weight 70kg.,
2017-11-02T06:43:24-04:00,Morning Ride,Ride,1:19:18,31.4,602.3,23.7,2:31,801,31.1,1:55,-,-,150,85,64,157,-,135,1.93,188,-,0,MaxHr 190bpm. RestHr 65bpm. Weight 70kg.,
2017-11-04T10:39:19-04:00,Morning Ride,Ride,2:49:10,71.1,1113.2,24.7,2:25,1713,30.1,1:59,-,-,156,208,72,166,-,148,2.11,200,-,0,MaxHr 190bpm. RestHr 65bpm. Weight 70kg.,
2017-11-08T05:35:36-05:00,Morning Ride,Ride,1:29:49,35.7,709,23.8,2:30,946,35.3,1:42,-,-,152,99,66,159,-,140,2,184,-,0,MaxHr 190bpm. RestHr 65bpm. Weight 70kg.,
2017-11-11T09:27:01-05:00,Morning Ride,Ride,2:57:54,71.1,1117.7,23.8,2:31,1676,30.4,1:58,-,-,150,184,62,161,-,138,1.97,179,-,0,MaxHr 190bpm. RestHr 65bpm. Weight 70kg.,
2017-11-12T12:18:10-05:00,Lunch Ride,Ride,2:16:36,50.3,1132.5,22,2:43,1323,30.4,1:58,-,-,151,149,65,167,-,129,1.84,190,-,0,MaxHr 190bpm. RestHr 65bpm. Weight 70kg.,
2017-11-15T05:44:43-05:00,Morning Ride,Ride,1:34:17,35.6,716.8,22.7,2:38,914,30.2,1:59,-,-,149,95,61,157,-,131,1.87,175,-,0,MaxHr 190bpm. RestHr 65bpm. Weight 70kg.,
2017-11-18T08:35:23-05:00,Morning Ride,Ride,3:09:44,53.8,1080.9,16.6,3:36,2093,26.7,2:14,-,-,140,164,51,158,-,169,2.41,261,-,0,MaxHr 190bpm. RestHr 65bpm. Weight 70kg.,
2017-11-22T05:48:17-05:00,Morning Ride,Ride,1:32:18,35.7,712.8,23.2,2:35,924,31.2,1:55,-,-,155,110,72,169,-,133,1.9,198,-,0,MaxHr 190bpm. RestHr 65bpm. Weight 70kg.,
2017-11-25T10:41:11-05:00,Morning Ride,Ride,2:26:26,51.9,978.2,20.8,2:53,1290,28.5,2:06,-,-,145,143,57,164,-,128,1.82,170,-,0,MaxHr 190bpm. RestHr 65bpm. Weight 70kg.,
2017-11-26T08:51:22-05:00,Fondo,Ride,5:09:52,105.2,2616.9,20.1,2:58,2986,31.1,1:55,-,-,150,345,66,170,-,129,1.84,212,-,0,MaxHr 190bpm. RestHr 65bpm. Weight 70kg.,
2017-12-01T05:49:02-05:00,Morning Ride,Ride,1:36:33,35.6,717.6,22.1,2:43,913,30.6,1:57,-,-,148,101,63,163,-,126,1.8,180,-,0,MaxHr 190bpm. RestHr 65bpm. Weight 70kg.,
2017-12-03T11:00:33-05:00,Morning Ride,Ride,2:59:45,68,958.7,21.6,2:46,1533,29.9,2:00,-,-,148,196,62,168,-,124,1.78,178,-,0,MaxHr 190bpm. RestHr 65bpm. Weight 70kg.,
2017-12-07T05:51:59-05:00,Morning Ride,Ride,1:30:16,35.7,708.6,23.7,2:32,944,30.5,1:58,-,-,160,123,82,169,-,142,2.03,196,-,0,MaxHr 190bpm. RestHr 65bpm. Weight 70kg.,
2017-12-21T06:10:22-05:00,Morning Ride,Ride,1:40:39,35.6,709.9,21.2,2:49,892,28.8,2:04,-,-,149,107,64,166,-,119,1.7,168,-,0,MaxHr 190bpm. RestHr 65bpm. Weight 70kg.,
2017-12-23T11:23:58-05:00,Morning Ride,Ride,2:29:21,53.2,968.7,21.1,2:51,1312,29.2,2:03,-,-,157,193,77,173,-,120,1.72,166,-,0,MaxHr 190bpm. RestHr 65bpm. Weight 70kg.,
2017-12-27T06:02:30-05:00,Morning Ride,Ride,1:39:47,35.6,715.3,21.4,2:48,906,29.3,2:02,-,-,147,99,60,161,-,124,1.78,166,-,0,MaxHr 190bpm. RestHr 65bpm. Weight 70kg.,
2017-12-29T10:21:06-05:00,Fondo a San Pablo,Ride,6:00:11,101.4,2649.7,16.8,3:33,2847,41.6,1:26,-,-,155,432,72,174,-,105,1.5,176,-,0,MaxHr 190bpm. RestHr 65bpm. Weight 70kg.,
2017-12-31T13:20:29-05:00,El último,Ride,2:14:12,45.6,1177.9,20.3,2:56,1301,32.1,1:52,-,-,155,167,75,172,-,122,1.74,188,-,0,MaxHr 190bpm. RestHr 65bpm. Weight 70kg.,
2018-01-01T11:35:41-05:00,El primero,Ride,2:10:43,51.8,744.2,23.7,2:31,1220,29.8,2:00,-,-,147,128,59,164,-,141,2.02,172,-,0,MaxHr 190bpm. RestHr 65bpm. Weight 70kg.,
2018-01-06T10:17:12-05:00,Grifo Alto,Ride,3:42:19,73.2,1886.9,19.7,3:02,2082,29,2:04,-,-,160,306,83,177,-,126,1.79,182,-,0,MaxHr 190bpm. RestHr 65bpm. Weight 70kg.,
2018-01-07T12:41:01-05:00,Lunch Ride,Ride,1:43:23,40.2,659.4,23.3,2:34,972,32.4,1:51,-,-,155,127,74,173,-,129,1.85,181,-,0,MaxHr 190bpm. RestHr 65bpm. Weight 70kg.,
2018-01-10T05:43:01-05:00,Estallado,Ride,0:04:56,1.9,34,23.6,2:32,49,-,-,-,-,154,6,67,-,-,146,2.08,-,-,0,MaxHr 190bpm. RestHr 65bpm. Weight 70kg.,
2018-01-12T05:48:02-05:00,Morning Ride,Ride,1:38:32,35.6,714.1,21.6,2:46,908,28.7,2:05,-,-,154,118,72,167,-,120,1.72,191,-,0,MaxHr 190bpm. RestHr 65bpm. Weight 70kg.,
2018-01-13T13:27:25-05:00,Acompañado ❤,Ride,2:20:00,41.2,736.4,17.6,3:24,893,25.7,2:20,-,-,133,98,42,146,-,90,1.28,132,-,0,MaxHr 190bpm. RestHr 65bpm. Weight 70kg.,
2018-01-20T10:58:57-05:00,Morning Ride,Ride,2:26:41,50.7,1133.2,20.7,2:54,1315,31.2,1:55,-,-,157,186,76,171,-,126,1.79,167,-,0,MaxHr 190bpm. RestHr 65bpm. Weight 70kg.,
2018-01-24T05:53:07-05:00,Morning Ride,Ride,1:35:09,35.6,703.5,22.4,2:40,920,32.5,1:50,-,-,156,116,73,166,-,137,1.96,177,-,0,MaxHr 190bpm. RestHr 65bpm. Weight 70kg.,
2018-01-27T10:12:23-05:00,Fondo a Grecia,Ride,4:36:14,101.2,1597.7,21.5,2:47,2241,29,2:04,-,-,160,383,82,175,-,120,1.71,190,-,0,MaxHr 190bpm. RestHr 65bpm. Weight 70kg.,
2018-01-29T05:59:37-05:00,Morning Ride,Ride,1:49:24,35.5,717.9,19.5,3:04,877,28.5,2:06,-,-,145,101,55,155,-,114,1.62,154,-,0,MaxHr 190bpm. RestHr 65bpm. Weight 70kg.,
2018-03-30T12:40:21-04:00,Morning Ride,Ride,2:37:20,52.7,971.8,20,2:59,1268,29.7,2:01,-,-,152,172,66,166,-,114,1.63,161,-,0,MaxHr 190bpm. RestHr 65bpm. Weight 70kg.,
2018-04-23T19:39:35-04:00,Ride corto con la Flaca,Ride,0:41:33,11.5,315.8,16.6,3:36,350,17.9,3:21,-,-,133,31,45,148,-,109,1.56,141,-,0,MaxHr 190bpm. RestHr 65bpm. Weight 70kg.,
2018-05-05T11:33:11-04:00,De vuelta,Ride,3:23:25,60.5,1462.2,17.8,3:22,1608,27.9,2:08,-,-,156,255,75,172,-,108,1.54,167,-,0,MaxHr 190bpm. RestHr 65bpm. Weight 70kg.,
2018-05-10T08:28:54-04:00,Morning Ride,Ride,1:34:48,31.6,811,20,2:59,904,30,2:00,-,-,155,116,73,171,-,126,1.8,184,-,0,MaxHr 190bpm. RestHr 65bpm. Weight 70kg.,
2018-05-12T11:50:02-04:00,Morning Ride,Ride,3:01:30,60.9,1283,20.1,2:59,1585,29.2,2:03,-,-,153,215,71,173,-,118,1.69,176,-,0,MaxHr 190bpm. RestHr 65bpm. Weight 70kg.,
2018-05-13T11:48:54-04:00,Morning Ride,Ride,2:15:43,43.4,1035.5,19.2,3:07,1157,26.6,2:15,-,-,152,158,70,168,-,109,1.55,176,-,0,MaxHr 190bpm. RestHr 65bpm. Weight 70kg.,
2018-05-26T11:48:37-04:00,Morning Ride,Ride,1:26:00,17.5,441.9,12.2,4:55,652,19.5,3:04,-,-,142,78,54,164,-,102,1.46,167,-,0,MaxHr 190bpm. RestHr 65bpm. Weight 70kg.,
2018-06-03T11:54:45-04:00,Morning Ride,Ride,2:43:48,51.8,968,18.9,3:10,1242,26.1,2:17,-,-,161,230,84,177,-,109,1.56,155,-,0,MaxHr 190bpm. RestHr 65bpm. Weight 70kg.,
2018-06-07T08:46:19-04:00,Morning Ride,Ride,1:20:07,27.1,630.9,20.3,2:57,704,30.7,1:57,-,-,165,125,94,178,69,116,1.66,174,-,0,MaxHr 190bpm. RestHr 65bpm. Weight 70kg.,
2018-06-09T11:43:28-04:00,Morning Ride,Ride,2:35:04,51.2,1132.8,19.7,3:02,1779,29.6,2:01,-,-,166,246,95,182,68,114,1.63,175,-,0,MaxHr 190bpm. RestHr 65bpm. Weight 70kg.,
2018-06-10T11:20:52-04:00,Morning Ride,Ride,2:37:32,51.8,969.2,19.7,3:02,1614,25.1,2:23,-,-,159,213,81,176,69,108,1.54,173,-,0,MaxHr 190bpm. RestHr 65bpm. Weight 70kg.,
2018-06-16T11:20:37-04:00,Morning Ride,Ride,1:09:16,24.1,440.6,20.9,2:52,887,26.9,2:13,-,-,161,97,84,169,69,119,1.7,170,-,0,MaxHr 190bpm. RestHr 65bpm. Weight 70kg.,
2018-06-17T10:38:04-04:00,Morning Ride,Ride,3:33:13,78.3,1157.5,22,2:43,2283,28.1,2:07,-,-,160,290,82,175,70,120,1.71,184,-,0,MaxHr 190bpm. RestHr 65bpm. Weight 70kg.,
2018-06-19T08:53:09-04:00,Morning Ride,Ride,1:21:07,27.1,624.8,20,3:00,1041,29.9,2:00,-,-,163,121,90,178,69,117,1.68,174,-,0,MaxHr 190bpm. RestHr 65bpm. Weight 70kg.,
2018-06-21T08:33:18-04:00,Morning Ride,Ride,1:16:47,27.1,633.7,21.1,2:50,1004,31.2,1:55,-,-,164,114,89,172,71,120,1.72,188,-,0,MaxHr 190bpm. RestHr 65bpm. Weight 70kg.,
2019-06-16T21:00:00-04:00,Complimentary calisthenics,Workout,1:00:00,0,0,-,-,-,-,-,-,-,-,-,-,-,-,-,-,-,-,-,Weight 70kg.,
2018-06-23T11:14:15-04:00,Morning Ride,Ride,2:23:25,50.7,1128.9,21.2,2:49,1635,30.4,1:58,-,-,158,194,81,175,72,118,1.69,189,-,0,MaxHr 190bpm. RestHr 65bpm. Weight 70kg.,
2018-06-24T11:04:13-04:00,Morning Ride,Ride,2:28:08,50.6,1130.9,20.5,2:56,1581,30.1,1:59,-,-,151,163,66,168,68,114,1.62,184,-,0,MaxHr 190bpm. RestHr 65bpm. Weight 70kg.,
2018-06-26T08:36:15-04:00,Morning Ride,Ride,1:18:48,27,631,20.5,2:55,941,30.6,1:57,-,-,154,94,72,169,70,114,1.63,190,-,0,MaxHr 190bpm. RestHr 65bpm. Weight 70kg.,
2018-06-28T08:53:36-04:00,Morning Ride,Ride,1:23:56,27.3,638.8,19.5,3:05,908,29.9,2:00,-,-,146,83,59,163,67,105,1.5,179,-,0,MaxHr 190bpm. RestHr 65bpm. Weight 70kg.,
2018-06-30T10:12:14-04:00,Fondo a Grecia,Ride,4:37:45,101.2,1611.3,21.8,2:44,3102,27.7,2:10,-,-,156,347,75,170,70,112,1.6,162,-,0,MaxHr 190bpm. RestHr 65bpm. Weight 70kg.,
2018-07-01T12:58:34-04:00,Morning Ride,Ride,1:19:17,27.4,632.6,20.7,2:53,1036,31,1:56,-,-,158,104,78,173,70,111,1.58,195,-,0,MaxHr 190bpm. RestHr 65bpm. Weight 70kg.,
2018-07-03T08:35:36-04:00,Morning Ride,Ride,1:11:33,27.1,631.1,22.7,2:38,1007,33.5,1:47,-,-,163,103,87,174,76,136,1.95,210,-,0,MaxHr 190bpm. RestHr 65bpm. Weight 70kg.,
2019-06-05T22:00:00-04:00,Complimentary calisthenics,Workout,1:00:00,0,0,-,-,-,-,-,-,-,-,-,-,-,-,-,-,-,-,-,Weight 70kg.,
2018-07-05T08:46:41-04:00,Morning Ride,Ride,1:18:37,27.2,633.9,20.7,2:53,969,30.4,1:58,-,-,155,95,73,169,69,118,1.68,194,-,0,MaxHr 190bpm. RestHr 65bpm. Weight 70kg.,
2018-07-07T11:33:00-04:00,Morning Ride,Ride,2:23:15,50.7,1131.9,21.2,2:49,1579,30.4,1:58,-,-,151,160,67,169,70,124,1.77,190,-,0,MaxHr 190bpm. RestHr 65bpm. Weight 70kg.,
2018-07-08T09:43:57-04:00,Morning Ride,Ride,2:16:46,50.8,1126.4,22.2,2:41,1700,30.7,1:57,-,-,161,190,83,178,71,132,1.88,209,-,0,MaxHr 190bpm. RestHr 65bpm. Weight 70kg.,
2019-06-02T22:30:00-04:00,Complimentary calisthenics,Workout,1:00:00,0,0,-,-,-,-,-,-,-,-,-,-,-,-,-,-,-,-,-,Weight 70kg.,
2018-07-10T08:49:54-04:00,Morning Ride,Ride,1:17:34,27.3,631.1,21,2:51,950,30.8,1:56,-,-,156,99,76,175,72,113,1.62,199,-,0,MaxHr 190bpm. RestHr 65bpm. Weight 70kg.,
2018-07-12T08:49:04-04:00,Morning Ride,Ride,1:14:31,27.3,632.6,21.9,2:44,939,31.2,1:55,-,-,157,96,78,174,72,124,1.78,207,-,0,MaxHr 190bpm. RestHr 65bpm. Weight 70kg.,
2018-07-14T11:33:39-04:00,Grifo Alto,Ride,3:24:18,73.2,1896.4,21.5,2:47,2423,31.3,1:55,-,-,157,263,77,177,69,139,1.99,213,-,0,MaxHr 190bpm. RestHr 65bpm. Weight 70kg.,
2019-05-30T01:00:00-04:00,Complimentary calisthenics,Workout,1:00:00,0,0,-,-,-,-,-,-,-,-,-,-,-,-,-,-,-,-,-,Weight 70kg.,
2018-07-15T13:45:00-04:00,Lunch Ride,Ride,1:14:28,27.1,628.8,21.8,2:45,977,30.2,1:59,-,-,161,109,88,181,73,129,1.84,218,-,0,MaxHr 190bpm. RestHr 65bpm. Weight 70kg.,
2018-07-17T08:50:14-04:00,Morning Ride,Ride,1:15:22,27,631.1,21.5,2:47,925,31.2,1:55,-,-,155,93,74,173,70,121,1.73,203,-,0,MaxHr 190bpm. RestHr 65bpm. Weight 70kg.,
2018-07-19T08:46:17-04:00,Morning Ride,Ride,1:09:28,27.1,628.4,23.4,2:34,998,33,1:49,-,-,167,112,97,181,74,138,1.97,215,-,0,MaxHr 190bpm. RestHr 65bpm. Weight 70kg.,
2019-05-26T20:30:00-04:00,Complimentary calisthenics,Workout,1:00:00,0,0,-,-,-,-,-,-,-,-,-,-,-,-,-,-,-,-,-,Weight 70kg.,
2018-07-21T10:58:01-04:00,Grifo Alto,Ride,3:29:30,75.1,1921.7,21.4,2:48,2437,30.7,1:57,-,-,155,264,75,173,70,138,1.98,218,-,0,MaxHr 190bpm. RestHr 65bpm. Weight 70kg.,
2018-07-22T11:37:55-04:00,Morning Ride,Ride,1:15:04,27.3,635.9,21.8,2:45,929,31.3,1:55,-,-,157,98,78,174,72,127,1.81,211,-,0,MaxHr 190bpm. RestHr 65bpm. Weight 70kg.,
2018-07-24T08:46:12-04:00,Morning Ride,Ride,1:14:51,27.2,632.8,21.7,2:45,913,31.2,1:55,-,-,155,94,76,173,71,125,1.78,209,-,0,MaxHr 190bpm. RestHr 65bpm. Weight 70kg.,
2019-05-22T09:30:00-04:00,Complimentary calisthenics,Workout,1:00:00,0,0,-,-,-,-,-,-,-,-,-,-,-,-,-,-,-,-,-,Weight 70kg.,
2018-07-26T08:39:00-04:00,Morning Ride,Ride,1:19:37,27.5,635.9,20.7,2:54,919,30.3,1:58,-,-,149,86,65,168,68,117,1.68,203,-,0,MaxHr 190bpm. RestHr 65bpm. Weight 70kg.,
2018-07-28T10:48:58-04:00,Fondo a Grecia,Ride,3:55:51,101.5,1583,25.7,2:19,2999,30.9,1:56,-,-,161,326,83,175,77,147,2.09,204,-,0,MaxHr 190bpm. RestHr 65bpm. Weight 70kg.,
2019-05-20T01:00:00-04:00,Complimentary calisthenics,Workout,1:00:00,0,0,-,-,-,-,-,-,-,-,-,-,-,-,-,-,-,-,-,Weight 70kg.,
2018-07-29T10:46:50-04:00,Morning Ride,Ride,1:33:48,33.1,785,21.1,2:50,1176,31.3,1:55,-,-,155,114,73,173,73,116,1.66,210,-,0,MaxHr 190bpm. RestHr 65bpm. Weight 70kg.,
2018-07-31T08:57:04-04:00,Morning Ride,Ride,1:15:06,27.6,637.4,22,2:43,979,31.6,1:53,-,-,159,102,82,178,74,126,1.79,216,-,0,MaxHr 190bpm. RestHr 65bpm. Weight 70kg.,
2019-05-16T01:00:00-04:00,Complimentary calisthenics,Workout,1:00:00,0,0,-,-,-,-,-,-,-,-,-,-,-,-,-,-,-,-,-,Weight 70kg.,
2018-08-02T12:52:14-04:00,Morning Ride,Ride,2:12:24,50.8,1126.4,23,2:36,1642,32.2,1:51,-,-,160,184,83,177,75,138,1.97,210,-,0,MaxHr 190bpm. RestHr 65bpm. Weight 70kg.,
2018-08-03T13:44:51-04:00,Eólicas,Ride,3:07:13,44.3,1460.3,12.2,4:54,1723,24.3,2:28,-,-,143,198,54,162,63,102,1.45,171,-,0,MaxHr 190bpm. RestHr 65bpm. Weight 70kg.,
2018-08-04T13:22:03-04:00,Problemas técnicos,Ride,0:07:02,1.4,21.1,10.3,5:48,48,-,-,-,-,118,3,25,-,47,60,0.85,-,-,0,MaxHr 190bpm. RestHr 65bpm. Weight 70kg.,
2019-05-12T20:30:00-04:00,Complimentary calisthenics,Workout,1:00:00,0,0,-,-,-,-,-,-,-,-,-,-,-,-,-,-,-,-,-,Weight 70kg.,
2018-08-05T18:49:44-04:00,Afternoon Ride,Ride,1:09:54,27.2,625.1,23.3,2:34,850,32.4,1:51,-,-,161,101,87,179,78,142,2.04,228,-,0,MaxHr 190bpm. RestHr 65bpm. Weight 70kg.,
2018-08-06T11:11:42-04:00,Morning Ride,Ride,2:11:02,50.8,1127.6,23.2,2:35,1467,31.6,1:54,-,-,156,167,76,177,76,140,1.99,217,-,0,MaxHr 190bpm. RestHr 65bpm. Weight 70kg.,
2018-08-08T10:25:48-04:00,Ruta GFLF Muelle,Ride,5:54:49,130.3,2783.1,21.9,2:44,4064,31.8,1:53,-,-,158,462,78,176,73,116,1.66,213,-,0,MaxHr 190bpm. RestHr 65bpm. Weight 70kg.,
2019-05-09T01:00:00-04:00,Complimentary calisthenics,Workout,1:00:00,0,0,-,-,-,-,-,-,-,-,-,-,-,-,-,-,-,-,-,Weight 70kg.,
2018-08-09T12:08:32-04:00,Morning Ride,Ride,1:19:44,27.1,637.4,20.4,2:56,861,31.1,1:55,-,-,146,77,58,164,73,114,1.62,199,-,0,MaxHr 190bpm. RestHr 65bpm. Weight 70kg.,
2018-08-13T17:28:43-04:00,Afternoon Ride,Ride,1:07:30,24,639.4,21.3,2:48,808,25.7,2:20,-,-,155,84,74,168,73,131,1.88,197,-,0,MaxHr 190bpm. RestHr 65bpm. Weight 70kg.,
2019-05-06T01:00:00-04:00,Complimentary calisthenics,Workout,1:00:00,0,0,-,-,-,-,-,-,-,-,-,-,-,-,-,-,-,-,-,Weight 70kg.,
2018-08-15T10:53:28-04:00,Grifo Alto,Ride,3:08:41,73.2,1897,23.2,2:34,2346,32,1:52,-,-,161,262,83,176,74,159,2.28,226,-,0,MaxHr 190bpm. RestHr 65bpm. Weight 70kg.,
2018-08-16T12:36:06-04:00,Morning Ride,Ride,1:19:47,27.3,639.3,20.5,2:55,903,29.6,2:01,-,-,149,86,65,168,73,109,1.56,204,-,0,MaxHr 190bpm. RestHr 65bpm. Weight 70kg.,
2018-08-18T08:04:28-04:00,GFLF - Muelle,Ride,5:00:54,123.6,2415.3,24.6,2:26,3774,38.7,1:33,-,-,164,446,89,177,77,129,1.84,238,-,0,MaxHr 190bpm. RestHr 65bpm. Weight 70kg.,
2019-05-02T01:00:00-04:00,Complimentary calisthenics,Workout,1:00:00,0,0,-,-,-,-,-,-,-,-,-,-,-,-,-,-,-,-,-,Weight 70kg.,
2018-08-20T11:45:03-04:00,Morning Ride,Ride,1:36:01,25.6,639.4,15.9,3:45,1170,21,2:51,-,-,153,120,75,179,68,137,1.96,239,-,0,MaxHr 190bpm. RestHr 65bpm. Weight 70kg.,
2018-08-21T11:32:59-04:00,La última,Ride,2:15:10,50.4,1127.6,22.3,2:41,1327,30.7,1:57,-,-,153,161,71,175,74,133,1.91,211,-,0,MaxHr 190bpm. RestHr 65bpm. Weight 70kg.,
2018-09-01T16:07:12-04:00,Estrenando,Ride,1:22:45,37.8,355.6,27.4,2:11,1138,32.4,1:51,-,-,156,103,75,170,79,153,2.19,182,-,0,MaxHr 190bpm. RestHr 65bpm. Weight 70kg.,
2018-09-02T11:58:24-04:00,Lunch Ride,Ride,1:33:20,33.4,471.5,21.4,2:47,821,26.5,2:15,-,-,138,73,47,145,73,114,1.62,132,-,0,MaxHr 190bpm. RestHr 65bpm. Weight 70kg.,
2019-04-26T11:30:00-04:00,Complimentary calisthenics,Workout,1:00:00,0,0,-,-,-,-,-,-,-,-,-,-,-,-,-,-,-,-,-,Weight 70kg.,
2019-04-24T17:30:00-04:00,Complimentary calisthenics,Workout,1:00:00,0,0,-,-,-,-,-,-,-,-,-,-,-,-,-,-,-,-,-,Weight 70kg.,
2018-09-04T11:27:32-04:00,Lunch Ride,Ride,1:43:12,55.1,459.9,32,1:52,1514,33.9,1:46,-,-,168,164,95,173,92,177,2.53,206,-,0,MaxHr 190bpm. RestHr 65bpm. Weight 70kg.,
2018-09-06T11:20:31-04:00,Lunch Ride,Ride,1:17:03,40.1,314.5,30.9,1:56,1009,32.9,1:49,-,-,157,96,74,165,89,168,2.4,199,-,0,MaxHr 190bpm. RestHr 65bpm. Weight 70kg.,
2019-04-21T22:00:00-04:00,Complimentary calisthenics,Workout,1:00:00,0,0,-,-,-,-,-,-,-,-,-,-,-,-,-,-,-,-,-,Weight 70kg.,
2018-09-08T07:24:58-04:00,Hanging Rock,Ride,3:35:27,107.8,1291.1,29.9,2:00,2413,35.2,1:42,-,-,156,261,72,175,85,171,2.45,250,-,0,MaxHr 190bpm. RestHr 65bpm. Weight 70kg.,
2018-09-09T12:03:26-04:00,Lunch Ride,Ride,1:14:01,40.2,388,32.7,1:50,1207,33.7,1:46,-,-,166,112,91,173,97,191,2.73,209,-,0,MaxHr 190bpm. RestHr 65bpm. Weight 70kg.,
2019-04-19T18:20:00-04:00,Complimentary calisthenics,Workout,1:00:00,0,0,-,-,-,-,-,-,-,-,-,-,-,-,-,-,-,-,-,Weight 70kg.,
2018-09-11T07:14:08-04:00,Morning Ride,Ride,1:30:50,48.4,438,31.8,1:53,1280,34.2,1:45,-,-,152,98,64,163,90,192,2.74,236,-,0,MaxHr 190bpm. RestHr 65bpm. Weight 70kg.,
2018-09-13T11:16:41-04:00,Lunch Ride,Ride,1:14:01,40.2,336.8,32.3,1:51,1132,34.9,1:43,-,-,159,97,78,164,92,190,2.71,207,-,0,MaxHr 190bpm. RestHr 65bpm. Weight 70kg.,
2018-09-18T12:05:35-04:00,Lunch Ride,Ride,1:33:14,48.4,487,31.1,1:55,1434,33.7,1:46,-,-,160,124,80,170,90,176,2.51,190,-,0,MaxHr 190bpm. RestHr 65bpm. Weight 70kg.,
2018-09-20T06:55:01-04:00,Morning Ride,Ride,0:56:20,27.1,245,28.3,2:07,738,29.9,2:00,-,-,150,60,63,156,83,156,2.23,178,-,0,MaxHr 190bpm. RestHr 65bpm. Weight 70kg.,
2018-09-22T10:50:27-04:00,Morning Ride,Ride,1:43:17,55.2,514,32,1:52,1707,34.7,1:43,-,-,167,161,93,171,89,187,2.67,203,-,0,MaxHr 190bpm. RestHr 65bpm. Weight 70kg.,
2019-04-13T01:00:00-04:00,Complimentary calisthenics,Workout,1:00:00,0,0,-,-,-,-,-,-,-,-,-,-,-,-,-,-,-,-,-,Weight 70kg.,
2019-04-10T23:00:00-04:00,Complimentary calisthenics,Workout,1:00:00,0,0,-,-,-,-,-,-,-,-,-,-,-,-,-,-,-,-,-,Weight 70kg.,
2018-09-23T12:29:39-04:00,Lunch Ride,Ride,1:13:26,40.4,391,33.1,1:48,1235,35.6,1:41,-,-,171,124,101,176,92,200,2.86,224,-,0,MaxHr 190bpm. RestHr 65bpm. Weight 70kg.,
2018-09-25T13:11:58-04:00,Afternoon Ride,Ride,1:43:22,55.2,523,32.1,1:52,1495,34,1:45,-,-,156,122,71,164,88,185,2.65,212,-,0,MaxHr 190bpm. RestHr 65bpm. Weight 70kg.,
2018-09-27T14:40:59-04:00,Afternoon Ride,Ride,1:46:17,55.5,524,31.3,1:54,1504,32.8,1:49,-,-,153,116,65,159,89,175,2.5,197,-,0,MaxHr 190bpm. RestHr 65bpm. Weight 70kg.,
2018-09-29T12:52:56-04:00,Lunch Ride,Ride,1:41:07,55.2,536,32.8,1:49,1579,36.7,1:38,-,-,162,141,84,170,92,196,2.8,222,-,0,MaxHr 190bpm. RestHr 65bpm. Weight 70kg.,
2019-04-05T11:00:00-04:00,Complimentary calisthenics,Workout,0:50:00,0,0,-,-,-,-,-,-,-,-,-,-,-,-,-,-,-,-,-,Weight 70kg.,
2019-04-03T22:30:00-04:00,Complimentary calisthenics,Workout,1:00:00,0,0,-,-,-,-,-,-,-,-,-,-,-,-,-,-,-,-,-,Weight 70kg.,
2018-09-30T10:27:07-04:00,Hanging Rock 2,Ride,3:36:02,104.6,1484,29.1,2:03,3195,34.9,1:43,-,-,158,270,75,171,86,174,2.48,238,-,0,MaxHr 190bpm. RestHr 65bpm. Weight 70kg.,
2018-10-02T18:04:45-04:00,Evening Ride,Ride,1:15:46,40.1,378,31.7,1:53,1073,33.6,1:47,-,-,154,87,69,161,89,186,2.65,205,-,0,MaxHr 190bpm. RestHr 65bpm. Weight 70kg.,
2019-03-31T21:30:00-04:00,Complimentary calisthenics,Workout,1:00:00,0,0,-,-,-,-,-,-,-,-,-,-,-,-,-,-,-,-,-,Weight 70kg.,
2018-10-04T07:11:06-04:00,Morning Ride,Ride,1:33:07,48.8,514,31.5,1:54,1462,36.8,1:37,-,-,163,129,84,172,88,190,2.71,224,-,0,MaxHr 190bpm. RestHr 65bpm. Weight 70kg.,
2018-10-06T10:02:01-04:00,Pilot Mountain,Ride,2:39:30,76.1,1067,28.6,2:05,2319,34.4,1:44,-,-,156,196,74,176,84,174,2.49,240,-,0,MaxHr 190bpm. RestHr 65bpm. Weight 70kg.,
2019-03-27T23:30:00-04:00,Complimentary calisthenics,Workout,1:00:00,0,0,-,-,-,-,-,-,-,-,-,-,-,-,-,-,-,-,-,Weight 70kg.,
2018-10-07T15:59:48-04:00,"Problemas técnicos, dolores y excusas",Ride,1:26:06,37.1,365,26,2:18,791,30.5,1:58,-,-,134,60,42,151,80,128,1.83,166,-,0,MaxHr 190bpm. RestHr 65bpm. Weight 70kg.,
2018-10-13T16:24:02-04:00,Muy tarde y muy suave,Ride,1:17:54,40,394,30.9,1:56,1082,32.8,1:49,-,-,151,83,64,159,87,177,2.53,203,-,0,MaxHr 190bpm. RestHr 65bpm. Weight 70kg.,
2018-10-14T14:46:11-04:00,Afternoon Ride,Ride,1:37:34,49.1,550,30,1:59,1363,34.7,1:43,-,-,153,107,66,161,88,176,2.51,207,-,0,MaxHr 190bpm. RestHr 65bpm. Weight 70kg.,
2018-10-16T06:57:28-04:00,Morning Ride,Ride,1:38:01,48.8,526,29.9,2:00,1421,35.1,1:42,-,-,157,120,74,169,89,174,2.49,206,-,0,MaxHr 190bpm. RestHr 65bpm. Weight 70kg.,
2019-03-22T23:00:00-04:00,Complimentary calisthenics,Workout,1:00:00,0,0,-,-,-,-,-,-,-,-,-,-,-,-,-,-,-,-,-,Weight 70kg.,
2019-03-13T15:00:00-04:00,Complimentary calisthenics,Workout,1:00:00,0,0,-,-,-,-,-,-,-,-,-,-,-,-,-,-,-,-,-,Weight 70kg.,
2018-10-17T18:48:06-04:00,Probando Zwift,VirtualRide,1:00:36,33.8,285,33.5,1:47,668,37.7,1:35,-,-,161,84,84,176,-,193,2.75,233,-,0,MaxHr 190bpm. RestHr 65bpm. Weight 70kg.,
2018-10-20T16:34:47-04:00,Afternoon Ride,Ride,1:31:27,48.7,546,32,1:52,1522,36.1,1:39,-,-,168,144,95,173,96,193,2.76,213,-,0,MaxHr 190bpm. RestHr 65bpm. Weight 70kg.,
2018-10-21T12:28:35-04:00,Lunch Ride,Ride,1:46:42,55.4,587,31.2,1:55,1615,34,1:45,-,-,159,136,77,166,96,180,2.57,208,-,0,MaxHr 190bpm. RestHr 65bpm. Weight 70kg.,
2019-03-09T20:10:00-05:00,Complimentary calisthenics,Workout,0:50:00,0,0,-,-,-,-,-,-,-,-,-,-,-,-,-,-,-,-,-,Weight 70kg.,
2018-10-24T18:41:01-04:00,NY con Zwift,VirtualRide,1:01:07,30,548,29.5,2:02,721,34,1:45,-,-,164,91,90,172,-,205,2.93,231,-,0,MaxHr 190bpm. RestHr 65bpm. Weight 70kg.,
2019-03-06T21:35:00-05:00,Complimentary calisthenics,Workout,1:00:00,0,0,-,-,-,-,-,-,-,-,-,-,-,-,-,-,-,-,-,Weight 70kg.,
2018-10-27T12:44:19-04:00,Pilot Mountain,Ride,2:42:55,76.2,1103,27.9,2:08,2329,32.9,1:49,-,-,155,192,71,172,89,170,2.43,243,-,0,MaxHr 190bpm. RestHr 65bpm. Weight 70kg.,
2018-10-28T11:57:23-04:00,Hanging Rock,Ride,3:54:58,104.1,1587,26.5,2:15,3188,31.3,1:55,-,-,152,255,65,168,88,149,2.12,220,-,0,MaxHr 190bpm. RestHr 65bpm. Weight 70kg.,
2019-03-03T21:00:00-05:00,Complimentary calisthenics,Workout,0:50:00,0,0,-,-,-,-,-,-,-,-,-,-,-,-,-,-,-,-,-,Weight 70kg.,
2018-10-30T13:13:30-04:00,RC malo,Ride,1:22:09,39.9,401,29.1,2:03,1145,32.4,1:51,-,-,153,93,68,164,89,153,2.18,191,-,0,MaxHr 190bpm. RestHr 65bpm. Weight 70kg.,
2018-11-04T15:43:38-05:00,Afternoon Ride,Ride,1:32:57,48.9,531,31.4,1:54,1395,36.4,1:38,-,-,159,129,83,172,96,178,2.55,209,-,0,MaxHr 190bpm. RestHr 65bpm. Weight 70kg.,
2019-02-27T16:00:00-05:00,Complimentary calisthenics,Workout,1:00:00,0,0,-,-,-,-,-,-,-,-,-,-,-,-,-,-,-,-,-,Weight 70kg.,
2018-11-07T18:40:51-05:00,Zwift,VirtualRide,1:00:24,29.3,500,29.3,2:03,681,34.2,1:45,-,-,135,46,46,150,-,197,2.82,219,-,0,MaxHr 190bpm. RestHr 65bpm. Weight 70kg.,
2018-11-08T12:29:44-05:00,Duro duro duro,Ride,1:41:11,55.4,557,32.9,1:49,1604,36.8,1:37,-,-,164,143,85,169,97,196,2.8,225,-,0,MaxHr 190bpm. RestHr 65bpm. Weight 70kg.,
2018-11-10T11:27:14-05:00,Lunch Ride,Ride,1:43:41,48.8,613,28.2,2:07,1384,30.8,1:56,-,-,149,106,61,158,87,156,2.23,181,-,0,MaxHr 190bpm. RestHr 65bpm. Weight 70kg.,
2018-11-14T18:42:44-05:00,Viéndola por un hueco con Zwift,VirtualRide,1:11:52,39,387,32.6,1:50,783,41.5,1:26,-,-,159,94,78,172,-,190,2.72,217,-,0,MaxHr 190bpm. RestHr 65bpm. Weight 70kg.,
2018-11-22T14:06:45-05:00,Pilot en Thanksgiving,Ride,2:41:53,76.4,1112,27.8,2:09,2415,34.1,1:45,-,-,158,212,77,178,88,166,2.37,255,-,0,MaxHr 190bpm. RestHr 65bpm. Weight 70kg.,
2019-02-24T23:50:00-05:00,Complimentary calisthenics,Workout,0:40:00,0,0,-,-,-,-,-,-,-,-,-,-,-,-,-,-,-,-,-,Weight 70kg.,
2019-02-22T13:40:00-05:00,Complimentary calisthenics,Workout,1:00:00,0,0,-,-,-,-,-,-,-,-,-,-,-,-,-,-,-,-,-,Weight 70kg.,
2019-02-20T22:00:00-05:00,Complimentary calisthenics,Workout,1:00:00,0,0,-,-,-,-,-,-,-,-,-,-,-,-,-,-,-,-,-,Weight 70kg.,
2018-12-19T10:35:26-05:00,Mal,Ride,1:29:46,27.5,743,18.4,3:15,1354,26.8,2:14,-,-,162,137,92,187,71,126,1.79,197,-,0,MaxHr 190bpm. RestHr 65bpm. Weight 70kg.,
2018-12-28T16:59:13-05:00,Afternoon Ride,Ride,1:37:26,32.8,882,20.2,2:58,1471,30.3,1:58,-,-,162,144,89,179,74,140,1.99,195,-,0,MaxHr 190bpm. RestHr 65bpm. Weight 70kg.,
2019-02-17T20:00:00-05:00,Complimentary calisthenics,Workout,0:50:00,0,0,-,-,-,-,-,-,-,-,-,-,-,-,-,-,-,-,-,Weight 70kg.,
2018-12-31T11:48:20-05:00,Morning Ride,Ride,2:36:26,50.4,1261,19.3,3:06,2446,27.7,2:09,-,-,163,237,91,181,70,126,1.79,176,-,0,MaxHr 190bpm. RestHr 65bpm. Weight 70kg.,
2019-01-01T16:01:06-05:00,Afternoon Ride,Ride,2:24:51,50.5,1286,20.9,2:52,1929,29.4,2:02,-,-,154,172,71,171,76,140,2,189,-,0,MaxHr 190bpm. RestHr 65bpm. Weight 70kg.,
2019-02-13T16:00:00-05:00,Complimentary calisthenics,Workout,1:00:00,0,0,-,-,-,-,-,-,-,-,-,-,-,-,-,-,-,-,-,Weight 70kg.,
2019-01-03T10:01:05-05:00,Morning Ride,Ride,1:56:26,32.9,898,16.3,3:40,1304,27.9,2:09,-,-,142,106,52,155,62,117,1.67,160,-,0,MaxHr 190bpm. RestHr 65bpm. Weight 70kg.,
2019-01-05T11:01:06-05:00,Morning Ride,Ride,2:18:07,50.5,1286,21.9,2:44,2052,30.9,1:56,-,-,161,195,85,179,76,150,2.14,203,-,0,MaxHr 190bpm. RestHr 65bpm. Weight 70kg.,
2019-02-10T19:20:00-05:00,Complimentary calisthenics,Workout,0:40:00,0,0,-,-,-,-,-,-,-,-,-,-,-,-,-,-,-,-,-,Weight 70kg.,
2019-01-06T11:29:16-05:00,Morning Ride,Ride,2:22:18,50.5,1265,21.3,2:48,1923,30.4,1:58,-,-,155,172,73,167,75,141,2.02,180,-,0,MaxHr 190bpm. RestHr 65bpm. Weight 70kg.,
2019-01-08T09:06:02-05:00,Morning Ride,Ride,2:12:52,50,1255,22.6,2:39,1869,31.1,1:55,-,-,156,168,76,172,77,151,2.16,197,-,0,MaxHr 190bpm. RestHr 65bpm. Weight 70kg.,
2019-01-11T10:34:48-05:00,Grifo Alto,Ride,3:39:56,73.4,1946,19.8,3:01,2970,29.4,2:02,-,-,154,263,71,168,72,136,1.94,176,-,0,MaxHr 190bpm. RestHr 65bpm. Weight 70kg.,
2019-02-06T21:35:00-05:00,Complimentary calisthenics,Workout,1:00:00,0,0,-,-,-,-,-,-,-,-,-,-,-,-,-,-,-,-,-,Weight 70kg.,
2019-01-18T18:33:46-05:00,Volviendo a Zwift,VirtualRide,1:00:11,34.9,294,34.8,1:43,660,38.5,1:33,-,-,166,91,90,172,-,190,2.71,215,-,0,MaxHr 190bpm. RestHr 65bpm. Weight 70kg.,
2019-01-19T11:19:15-05:00,Mucho frío y mucha lluvia,Ride,2:00:35,54.3,641,26.8,2:14,1736,31.5,1:54,-,-,155,144,71,166,86,137,1.96,172,-,0,MaxHr 190bpm. RestHr 65bpm. Weight 70kg.,
2019-01-20T10:46:33-05:00,Mucho viento,Ride,1:30:39,40,505,26.3,2:16,1229,28.5,2:06,-,-,151,94,62,158,82,138,1.97,156,-,0,MaxHr 190bpm. RestHr 65bpm. Weight 70kg.,
2019-01-21T18:30:07-05:00,3R Greatest London Loop Hilly Race - 1 Lap,VirtualRide,0:45:42,27.7,324,34.5,1:44,628,41,1:27,-,-,191,122,161,192,-,222,3.18,233,-,0,MaxHr 190bpm. RestHr 65bpm. Weight 70kg.,
2019-01-25T18:39:47-05:00,Zwift,VirtualRide,1:15:37,41.1,391,32.2,1:51,776,38.3,1:34,-,-,156,94,73,166,-,179,2.55,195,-,0,MaxHr 190bpm. RestHr 65bpm. Weight 70kg.,
2019-01-26T11:21:04-05:00,Yadkinville,Ride,3:45:36,104.7,1019,27.8,2:09,3240,30.3,1:58,-,-,154,254,68,166,90,135,1.92,161,-,0,MaxHr 190bpm. RestHr 65bpm. Weight 70kg.,
2019-01-28T18:31:23-05:00,3R Greatest London Loop Hilly Race - 1 Lap - Round 2,VirtualRide,0:43:28,29.9,322,36.5,1:38,639,42.2,1:25,-,-,190,113,157,191,-,241,3.44,262,-,0,MaxHr 190bpm. RestHr 65bpm. Weight 70kg.,
2019-01-31T09:31:44-05:00,"25, adentro",Ride,1:28:01,50,0,34.1,1:45,1539,37.5,1:36,-,-,174,160,109,182,89,198,2.82,253,-,0,MaxHr 190bpm. RestHr 65bpm. Weight 70kg.,
2019-02-01T17:38:16-05:00,Zwift suave,VirtualRide,1:01:23,25.1,500,24.5,2:26,518,35.5,1:41,-,-,144,52,51,153,-,147,2.11,167,-,0,MaxHr 190bpm. RestHr 65bpm. Weight 70kg.,
2019-02-02T11:35:33-05:00,Pilot Mountain con sol,Ride,2:56:04,80.3,1115,27.1,2:12,2503,33.3,1:48,-,-,154,200,68,173,86,154,2.2,238,-,0,MaxHr 190bpm. RestHr 65bpm. Weight 70kg.,
2019-02-04T13:16:01-05:00,Aprovechando el sol,Ride,1:14:38,40.1,402,32,1:52,1221,34.6,1:43,-,-,165,117,93,173,94,187,2.67,206,-,0,MaxHr 190bpm. RestHr 65bpm. Weight 70kg.,
2019-02-05T10:45:53-05:00,Morning Ride,Ride,1:39:19,51,583,30.9,1:56,1629,35.3,1:41,-,-,167,153,93,171,93,179,2.56,195,-,0,MaxHr 190bpm. RestHr 65bpm. Weight 70kg.,
2019-02-08T18:21:19-05:00,Entrenamiento - Zwift,VirtualRide,1:02:06,34.3,287,33.3,1:48,676,38.4,1:33,-,-,156,72,70,163,-,190,2.72,198,-,0,MaxHr 190bpm. RestHr 65bpm. Weight 70kg.,
2019-02-09T13:17:23-05:00,Pilot Mountain,Ride,2:57:42,80.2,1123,26.6,2:15,2577,32.2,1:51,-,-,155,212,70,173,88,150,2.14,253,-,0,MaxHr 190bpm. RestHr 65bpm. Weight 70kg.,
2019-02-11T18:35:21-05:00,3R Richmond Hilly Race - 3 Laps,VirtualRide,0:46:46,28.1,350,36,1:39,706,40.5,1:28,-,-,178,93,119,179,-,244,3.48,256,-,0,MaxHr 190bpm. RestHr 65bpm. Weight 70kg.,
2019-02-12T17:56:52-05:00,Rodillo,Ride,1:03:16,30,0,28.4,2:06,1022,29.2,2:03,-,-,165,91,87,169,87,127,1.81,143,-,0,MaxHr 190bpm. RestHr 65bpm. Weight 70kg.,
2019-02-15T12:58:27-05:00,Fondue,Ride,3:43:12,104.3,1473,26,2:18,3383,32.4,1:51,-,-,156,299,73,171,84,158,2.26,222,-,0,MaxHr 190bpm. RestHr 65bpm. Weight 70kg.,
2019-02-16T13:06:13-05:00,Suave,Ride,2:07:11,52.5,661,24.5,2:27,1351,27.3,2:11,-,-,137,96,45,143,83,122,1.74,149,-,0,MaxHr 190bpm. RestHr 65bpm. Weight 70kg.,
2019-02-18T13:18:01-05:00,Fuerte,Ride,1:50:58,55.6,711,30.1,1:59,1771,33.8,1:46,-,-,164,159,86,168,96,177,2.53,210,-,0,MaxHr 190bpm. RestHr 65bpm. Weight 70kg.,
2019-02-19T20:40:32-05:00,Rodillo,Ride,0:59:59,30.6,0,30.6,1:57,1056,31.9,1:52,-,-,175,110,110,179,95,140,2,154,-,0,MaxHr 190bpm. RestHr 65bpm. Weight 70kg.,
2019-02-23T08:37:15-05:00,14th Annual William & Mary Tidewater Winter Classic,Ride,0:26:33,10.2,70,20.8,2:52,283,16.9,3:33,-,-,138,23,47,149,73,99,1.42,88,-,0,MaxHr 190bpm. RestHr 65bpm. Weight 70kg.,
2019-02-24T13:22:49-05:00,Todd Stadium Crit,Ride,0:09:37,5.3,33,33.5,1:47,183,-,-,-,-,184,22,141,-,99,206,2.94,-,-,0,MaxHr 190bpm. RestHr 65bpm. Weight 70kg.,
2019-02-26T09:48:22-05:00,Completando el challenge de Strava,Ride,2:13:14,55.5,757,24.3,2:28,1444,28.5,2:06,-,-,138,106,47,148,81,130,1.85,161,-,0,MaxHr 190bpm. RestHr 65bpm. Weight 70kg.,
2019-03-01T18:41:05-05:00,Adentro por lluvia,Ride,1:00:00,30.2,0,30.2,1:59,1076,31.6,1:53,-,-,176,115,115,179,89,143,2.05,160,-,0,MaxHr 190bpm. RestHr 65bpm. Weight 70kg.,
2019-03-02T13:19:04-05:00,Pilot,Ride,2:50:39,80.1,1086,27.9,2:08,2535,32.8,1:49,-,-,157,216,75,181,89,160,2.28,260,-,0,MaxHr 190bpm. RestHr 65bpm. Weight 70kg.,
2019-03-04T20:23:34-05:00,Rodillo,Ride,1:00:00,30.2,0,30.2,1:59,1068,30.7,1:57,-,-,176,113,113,180,88,136,1.94,143,-,0,MaxHr 190bpm. RestHr 65bpm. Weight 70kg.,
2019-03-05T16:07:01-05:00,Afuera,Ride,1:22:48,40.2,447,28.8,2:05,1154,31.2,1:55,-,-,151,87,62,158,89,159,2.27,181,-,0,MaxHr 190bpm. RestHr 65bpm. Weight 70kg.,
2019-03-08T21:07:23-05:00,Rodillo,Ride,1:00:25,31,0,30.9,1:56,949,32.6,1:50,-,-,163,83,83,167,82,150,2.14,166,-,0,MaxHr 190bpm. RestHr 65bpm. Weight 70kg.,
2019-03-10T14:25:37-04:00,Pilot por pista,Ride,2:48:45,80.2,1086,28.6,2:05,2368,33.9,1:46,-,-,154,194,69,170,85,168,2.4,242,-,0,MaxHr 190bpm. RestHr 65bpm. Weight 70kg.,
2019-03-11T14:06:26-04:00,Sauratown,Ride,3:37:04,100.8,1442,27.7,2:10,2836,34.2,1:45,-,-,149,220,61,169,85,157,2.25,238,-,0,MaxHr 190bpm. RestHr 65bpm. Weight 70kg.,
2019-03-12T13:18:12-04:00,Pilot,Ride,2:52:40,80.4,1108,27.4,2:11,2371,34.2,1:45,-,-,151,189,63,170,86,165,2.35,244,-,0,MaxHr 190bpm. RestHr 65bpm. Weight 70kg.,
2019-03-23T11:51:35-04:00,Pilot,Ride,2:59:58,80.2,1136,26,2:18,2709,36.1,1:39,-,-,161,260,84,177,82,155,2.21,221,-,0,MaxHr 190bpm. RestHr 65bpm. Weight 70kg.,
2019-03-24T13:40:57-04:00,Pilot otra vez,Ride,2:46:52,80.3,1131,28.9,2:04,2890,34.5,1:44,-,-,173,304,109,191,86,175,2.5,240,-,0,MaxHr 190bpm. RestHr 65bpm. Weight 70kg.,
2019-03-25T20:24:25-04:00,Rodillo,Ride,1:00:00,30.1,0,30.1,1:59,965,31.6,1:53,-,-,165,88,88,172,83,137,1.95,151,-,0,MaxHr 190bpm. RestHr 65bpm. Weight 70kg.,
2019-03-26T18:03:05-04:00,Dixie Classic Criterium Series,Ride,0:31:14,21,89,40.4,1:29,623,40.9,1:27,-,-,191,84,161,192,96,297,4.25,302,-,0,MaxHr 190bpm. RestHr 65bpm. Weight 70kg.,
2019-03-29T20:46:23-04:00,Rodillo,Ride,1:00:00,30.2,0,30.2,1:59,986,32.6,1:50,-,-,167,92,92,173,84,141,2.02,168,-,0,MaxHr 190bpm. RestHr 65bpm. Weight 70kg.,
2019-03-30T12:44:53-04:00,Pilot,Ride,3:09:05,85.4,1184,26.6,2:15,2739,33.6,1:47,-,-,155,227,71,177,81,156,2.23,255,-,0,MaxHr 190bpm. RestHr 65bpm. Weight 70kg.,
2019-04-01T21:20:03-04:00,Rodillo,Ride,1:00:00,30.1,0,30.1,1:59,1007,31.9,1:52,-,-,170,101,101,177,84,138,1.98,158,-,0,MaxHr 190bpm. RestHr 65bpm. Weight 70kg.,
2019-04-02T18:15:16-04:00,Velocious Sport Tue Night Criterium + Epic KOM,VirtualRide,1:10:32,34.7,558,29.2,2:03,1016,42.4,1:24,-,-,169,127,107,189,-,226,3.23,295,-,0,MaxHr 190bpm. RestHr 65bpm. Weight 70kg.,
2019-04-06T07:55:02-04:00,UMD-DVR Road Race,Ride,1:23:18,48.2,692,34.8,1:43,1510,37.5,1:36,-,-,178,167,120,182,91,244,3.49,267,-,0,MaxHr 190bpm. RestHr 65bpm. Weight 70kg.,
2019-04-07T08:45:58-04:00,Route 1 Rampage,Ride,0:25:24,15.6,68,37,1:37,500,37.4,1:36,-,-,189,64,153,190,94,244,3.49,251,-,0,MaxHr 190bpm. RestHr 65bpm. Weight 70kg.,
2018-10-03T19:35:00-04:00,Gym,Workout,1:00:00,0,0,-,-,-,-,-,-,-,-,-,-,-,-,-,-,-,-,-,Weight 70kg.,
2019-04-08T21:46:00-04:00,Rodillo,Ride,1:00:00,30.1,0,30.1,1:59,1018,33,1:49,-,-,171,101,101,177,82,149,2.13,182,-,0,MaxHr 190bpm. RestHr 65bpm. Weight 70kg.,
2019-04-09T18:00:01-04:00,Herbalife Criterium Series,Ride,0:30:13,19.5,153,38.8,1:32,573,41.2,1:27,-,-,185,73,145,189,93,289,4.13,319,-,0,MaxHr 190bpm. RestHr 65bpm. Weight 70kg.,
2019-04-13T14:33:20-04:00,Pilot,Ride,2:48:52,80.3,1081,28.5,2:06,2510,33.9,1:46,-,-,159,224,79,178,84,166,2.37,247,-,0,MaxHr 190bpm. RestHr 65bpm. Weight 70kg.,
2019-04-14T08:08:55-04:00,Chapel Hill Grand Prix,Ride,1:16:23,46,640,36.2,1:39,1373,37.6,1:35,-,-,177,151,119,181,89,272,3.88,293,-,0,MaxHr 190bpm. RestHr 65bpm. Weight 70kg.,
2018-09-26T19:05:00-04:00,Gym,Workout,1:00:00,0,0,-,-,-,-,-,-,-,-,-,-,-,-,-,-,-,-,-,Weight 70kg.,
2019-04-16T18:00:00-04:00,Dixie Classic Criterium Series,Ride,0:31:00,20.2,7,39,1:32,607,41,1:27,-,-,188,79,153,191,94,284,4.06,307,-,0,MaxHr 190bpm. RestHr 65bpm. Weight 70kg.,
2019-04-18T10:17:04-04:00,Pilot,Ride,3:04:26,80.8,1094,26.2,2:17,2416,32.2,1:51,-,-,149,188,61,168,78,147,2.09,213,-,0,MaxHr 190bpm. RestHr 65bpm. Weight 70kg.,
2019-04-20T12:21:18-04:00,Sauratown,Ride,3:45:07,105.9,1609,28,2:08,2980,34.6,1:44,-,-,150,240,63,171,80,164,2.35,248,-,0,MaxHr 190bpm. RestHr 65bpm. Weight 70kg.,
2019-04-21T15:10:35-04:00,Rodando con Pedro,Ride,3:40:50,111.4,1527,29.8,2:00,3340,39.6,1:30,-,-,159,294,78,175,84,186,2.66,238,-,0,MaxHr 190bpm. RestHr 65bpm. Weight 70kg.,
2018-09-19T21:00:00-04:00,Gym,Workout,0:30:00,0,0,-,-,-,-,-,-,-,-,-,-,-,-,-,-,-,-,-,Weight 70kg.,
2019-04-22T17:45:40-04:00,Dando vueltas,Ride,1:35:42,38.1,153,23.2,2:35,894,30.5,1:57,-,-,134,68,41,152,72,108,1.55,160,-,0,MaxHr 190bpm. RestHr 65bpm. Weight 70kg.,
2018-09-15T21:10:00-04:00,Gym,Workout,1:00:00,0,0,-,-,-,-,-,-,-,-,-,-,-,-,-,-,-,-,-,Weight 70kg.,
2018-09-12T20:50:00-04:00,Gym,Workout,1:00:00,0,0,-,-,-,-,-,-,-,-,-,-,-,-,-,-,-,-,-,Weight 70kg.,
2019-04-23T18:00:49-04:00,Herbalife Criterium Series,Ride,0:32:01,20.3,179,38.1,1:34,625,39.7,1:30,-,-,188,81,152,192,90,268,3.82,288,-,0,MaxHr 190bpm. RestHr 65bpm. Weight 70kg.,
2019-04-27T11:11:27-04:00,2019 High Country Cycling Classic (Road Race),Ride,1:42:42,57.4,898,33.5,1:47,1881,38.2,1:34,-,-,178,203,119,185,86,226,3.23,275,-,0,MaxHr 190bpm. RestHr 65bpm. Weight 70kg.,
2019-04-28T09:20:35-04:00,2019 High Country Cycling Classic (Crit),Ride,0:31:50,18.7,192,35.3,1:42,617,35.8,1:40,-,-,185,75,142,187,89,220,3.15,225,-,0,MaxHr 190bpm. RestHr 65bpm. Weight 70kg.,
2019-04-29T21:27:55-04:00,Rodillo,Ride,1:00:41,30.1,0,30.1,1:59,1015,32.7,1:49,-,-,170,101,100,175,81,139,1.99,169,-,0,MaxHr 190bpm. RestHr 65bpm. Weight 70kg.,
2019-04-30T18:45:08-04:00,Dixie Classic Criterium Series,Ride,0:44:34,31.1,0,41.8,1:26,868,42.7,1:24,-,-,187,111,149,190,94,322,4.6,340,-,0,MaxHr 190bpm. RestHr 65bpm. Weight 70kg.,
2018-09-05T22:15:00-04:00,Gym,Workout,1:00:00,0,0,-,-,-,-,-,-,-,-,-,-,-,-,-,-,-,-,-,Weight 70kg.,
2019-05-03T10:08:28-04:00,Morning Ride,Ride,1:34:48,50.8,571,31.9,1:52,1512,38.2,1:34,-,-,164,136,85,170,84,197,2.81,238,-,0,MaxHr 190bpm. RestHr 65bpm. Weight 70kg.,
2019-05-04T08:48:51-04:00,"Fondo con Kristina, Pedro y Zacarías",Ride,4:36:37,114.4,2419,23.1,2:35,3429,32.7,1:50,-,-,147,311,62,183,71,166,2.37,260,-,0,MaxHr 190bpm. RestHr 65bpm. Weight 70kg.,
2019-05-06T22:04:38-04:00,Rodillo,Ride,1:00:00,31.2,0,31.2,1:55,998,31.7,1:53,-,-,168,94,94,174,89,147,2.1,151,-,0,MaxHr 190bpm. RestHr 65bpm. Weight 70kg.,
2018-08-28T16:10:58-04:00,Prueba de milla,Run,0:06:48,1.7,0,14.5,4:07,114,-,-,-,-,178,14,127,-,-,265,3.78,-,-,0,MaxHr 190bpm. RestHr 65bpm. Weight 70kg.,
2018-08-29T20:40:00-04:00,Gym,Workout,1:00:00,0,0,-,-,-,-,-,-,-,-,-,-,-,-,-,-,-,-,-,Weight 70kg.,
2018-08-27T00:05:00-04:00,Gym,Workout,1:00:00,0,0,-,-,-,-,-,-,-,-,-,-,-,-,-,-,-,-,-,Weight 70kg.,
2018-08-25T23:25:00-04:00,Gym,Workout,1:00:00,0,0,-,-,-,-,-,-,-,-,-,-,-,-,-,-,-,-,-,Weight 70kg.,
2019-05-07T20:41:08-04:00,Rodillo,Ride,1:00:31,30.1,0,30.5,1:57,1023,32.1,1:52,-,-,170,99,98,174,89,146,2.08,159,-,0,MaxHr 190bpm. RestHr 65bpm. Weight 70kg.,
2019-05-10T14:04:48-04:00,Afternoon Ride,Ride,1:50:21,56.4,666,30.7,1:57,1733,34.8,1:43,-,-,163,155,85,169,86,181,2.59,212,-,0,MaxHr 190bpm. RestHr 65bpm. Weight 70kg.,
2019-05-11T16:30:28-04:00,Giro d'Italia - Stage 1 | Zwift,VirtualRide,0:18:08,8.1,230.6,26.7,2:14,475,-,-,-,-,186,43,144,-,-,291,4.15,-,-,0,MaxHr 190bpm. RestHr 65bpm. Weight 70kg.,
2019-05-12T16:02:41-04:00,Rotando,Ride,1:13:12,40.3,383,33.1,1:48,1202,34.4,1:44,-,-,167,112,92,174,93,197,2.81,215,-,0,MaxHr 190bpm. RestHr 65bpm. Weight 70kg.,
2019-05-13T13:57:28-04:00,Afternoon Ride,Ride,1:54:48,55.6,714,29,2:04,1642,32.2,1:51,-,-,155,134,70,165,89,169,2.42,189,-,0,MaxHr 190bpm. RestHr 65bpm. Weight 70kg.,
2019-05-14T18:45:01-04:00,Dixie Classic Criterium Series,Ride,0:43:55,28.7,0,39.2,1:31,775,39.7,1:30,-,-,175,82,112,177,95,273,3.9,281,-,0,MaxHr 190bpm. RestHr 65bpm. Weight 70kg.,
2019-05-15T13:17:40-04:00,Afternoon Ride,Ride,1:16:45,40.5,393,31.5,1:54,1073,33,1:49,-,-,154,86,67,163,93,176,2.51,202,-,0,MaxHr 190bpm. RestHr 65bpm. Weight 70kg.,
2019-05-17T15:25:06-04:00,Afternoon Ride,Ride,1:00:10,32.2,292,31.5,1:54,994,34.8,1:43,-,-,168,100,98,174,93,190,2.71,223,-,0,MaxHr 190bpm. RestHr 65bpm. Weight 70kg.,
2019-05-18T09:47:49-04:00,Pilot,Ride,2:53:37,80.3,1036,27.7,2:10,2437,32.7,1:50,-,-,155,207,71,174,86,159,2.28,217,-,0,MaxHr 190bpm. RestHr 65bpm. Weight 70kg.,
2019-05-20T17:40:28-04:00,Afternoon Ride,Ride,1:00:08,31.7,238,30.9,1:56,885,35.1,1:42,-,-,156,75,73,165,90,175,2.5,202,-,0,MaxHr 190bpm. RestHr 65bpm. Weight 70kg.,
2019-05-21T14:44:31-04:00,Afternoon Ride,Ride,1:54:17,56.3,668,29.6,2:01,1688,33.2,1:48,-,-,157,142,75,165,90,167,2.39,193,-,0,MaxHr 190bpm. RestHr 65bpm. Weight 70kg.,
2019-05-22T09:47:31-04:00,Morning Ride,Ride,1:15:51,40.2,379,31.8,1:53,1115,33.7,1:46,-,-,157,91,72,162,92,185,2.64,216,-,0,MaxHr 190bpm. RestHr 65bpm. Weight 70kg.,
2019-05-24T13:39:29-04:00,Afternoon Ride,Ride,1:56:42,55.8,496,28.5,2:06,1576,31.2,1:55,-,-,151,125,63,160,-,143,2.04,158,-,0,MaxHr 190bpm. RestHr 65bpm. Weight 70kg.,
2019-05-25T09:05:01-04:00,Pilot,Ride,3:02:11,80.3,1019,26.2,2:17,2126,31.8,1:53,-,-,143,164,53,166,84,142,2.03,209,-,0,MaxHr 190bpm. RestHr 65bpm. Weight 70kg.,
2019-05-27T13:16:04-04:00,Afternoon Ride,Ride,2:02:43,56.1,665,26.7,2:14,1512,32.4,1:51,-,-,147,123,59,159,85,146,2.08,181,-,0,MaxHr 190bpm. RestHr 65bpm. Weight 70kg.,
2019-05-28T18:45:16-04:00,Dixie Classic Criterium Series,Ride,0:45:38,30,13,39.5,1:31,881,40.6,1:28,-,-,186,111,146,189,96,278,3.97,302,-,0,MaxHr 190bpm. RestHr 65bpm. Weight 70kg.,
2019-05-29T14:21:35-04:00,Afternoon Ride,Ride,1:18:58,40,371,30.3,1:58,1071,32.2,1:51,-,-,152,87,66,159,90,165,2.36,200,-,0,MaxHr 190bpm. RestHr 65bpm. Weight 70kg.,
2019-05-31T11:16:32-04:00,Lunch Ride,Ride,1:57:06,60.6,546,31,1:56,1680,33.4,1:47,-,-,155,137,70,163,90,170,2.43,190,-,0,MaxHr 190bpm. RestHr 65bpm. Weight 70kg.,
2019-06-01T11:37:31-04:00,Lunch Ride,Ride,1:38:55,50.8,510,30.9,1:56,1353,34.2,1:45,-,-,152,107,65,158,90,168,2.4,200,-,0,MaxHr 190bpm. RestHr 65bpm. Weight 70kg.,
2019-06-02T11:28:39-04:00,Lunch Ride,Ride,0:59:43,32.5,285,32.8,1:49,948,35.4,1:41,-,-,164,86,87,169,94,193,2.76,219,-,0,MaxHr 190bpm. RestHr 65bpm. Weight 70kg.,
2019-06-03T11:55:20-04:00,Pilot,Ride,2:59:18,80.3,1077,26.9,2:13,2195,33.6,1:47,-,-,146,171,57,166,85,157,2.25,218,-,0,MaxHr 190bpm. RestHr 65bpm. Weight 70kg.,
2019-06-04T10:37:55-04:00,Morning Ride,Ride,1:19:37,40.1,388,30.3,1:58,929,32,1:52,-,-,143,69,52,152,91,168,2.4,191,-,0,MaxHr 190bpm. RestHr 65bpm. Weight 70kg.,
2019-06-07T10:40:08-04:00,Genghis Gan conoce Costa Rica,Ride,3:03:15,73.9,1986,24.2,2:28,2971,33,1:49,-,-,166,292,95,187,80,174,2.49,232,-,0,MaxHr 190bpm. RestHr 65bpm. Weight 70kg.,
2019-06-08T14:04:02-04:00,Lunch Ride,Ride,0:59:27,20.1,488,20.3,2:57,837,23.3,2:34,-,-,155,73,74,165,73,131,1.87,171,-,0,MaxHr 190bpm. RestHr 65bpm. Weight 70kg.,
2019-06-09T09:40:06-04:00,Duatlón Cachí,Ride,0:54:38,29.1,412,31.9,1:52,962,35.3,1:41,-,-,175,102,112,181,88,194,2.77,217,-,0,MaxHr 190bpm. RestHr 65bpm. Weight 70kg.,
2019-06-14T11:26:22-04:00,Puris,Ride,2:17:38,50.5,1306,22,2:43,1600,28.9,2:04,-,-,145,135,59,172,76,152,2.17,213,-,0,MaxHr 190bpm. RestHr 65bpm. Weight 70kg.,
2019-06-15T12:12:31-04:00,Morning Ride,Ride,1:34:05,33.1,852,21.1,2:50,1142,30.9,1:56,-,-,148,98,63,168,72,141,2.01,203,-,0,MaxHr 190bpm. RestHr 65bpm. Weight 70kg.,
2019-06-16T09:31:28-04:00,Entrenamiento Bike Endurance,Ride,2:11:50,90.2,461,41.1,1:27,2191,45.9,1:18,-,-,168,213,97,176,90,365,5.21,432,-,0,MaxHr 190bpm. RestHr 65bpm. Weight 70kg.,
2019-06-17T18:55:33-04:00,Afternoon Ride,Ride,1:19:43,30.1,678,22.7,2:38,744,33.2,1:48,-,-,84,6,5,84,78,142,2.02,201,-,0,MaxHr 190bpm. RestHr 65bpm. Weight 70kg.,
2019-06-18T10:59:46-04:00,Morning Ride,Ride,2:18:25,51.5,1258,22.3,2:41,1722,30.9,1:56,-,-,149,148,64,171,77,146,2.09,200,-,0,MaxHr 190bpm. RestHr 65bpm. Weight 70kg.,
2019-06-21T12:08:00-04:00,Morning Ride,Ride,1:25:07,33.1,878,23.2,2:35,1278,32.4,1:51,-,-,161,123,86,183,79,166,2.37,245,-,0,MaxHr 190bpm. RestHr 65bpm. Weight 70kg.,
2019-06-22T07:39:30-04:00,Fondo con Tavo,Ride,4:38:26,107.6,2925,22.4,2:40,3763,43.7,1:22,-,-,153,335,70,177,74,171,2.44,233,-,0,MaxHr 190bpm. RestHr 65bpm. Weight 70kg.,
2019-06-23T10:30:28-04:00,Morning Ride,Ride,1:36:24,33.2,866,20.7,2:54,1124,31.3,1:54,-,-,145,93,58,157,75,140,2,184,-,0,MaxHr 190bpm. RestHr 65bpm. Weight 70kg.,
2019-06-24T12:25:06-04:00,Morning Ride,Ride,2:11:34,41.8,1094,19.1,3:08,1454,31,1:56,-,-,142,117,53,166,71,128,1.83,189,-,0,MaxHr 190bpm. RestHr 65bpm. Weight 70kg.,
2019-06-25T12:45:25-04:00,Morning Ride,Ride,1:31:14,34.3,894,22.5,2:40,1231,31.6,1:53,-,-,154,111,73,172,81,158,2.26,216,-,0,MaxHr 190bpm. RestHr 65bpm. Weight 70kg.,
2019-06-26T08:30:36-04:00,Ruta GFNY,Ride,6:46:33,151.2,3142,21.7,2:45,4399,31.9,1:52,-,-,140,344,49,155,77,136,1.94,193,-,0,MaxHr 190bpm. RestHr 65bpm. Weight 70kg.,
2019-06-28T11:57:37-04:00,Mucha calor,Ride,2:06:27,50.8,783,24,2:30,1748,28.9,2:04,-,-,152,137,65,160,83,139,1.99,162,-,0,MaxHr 190bpm. RestHr 65bpm. Weight 70kg.,
2019-06-29T11:24:21-04:00,Morning Ride,Ride,1:42:43,43.8,387,25.6,2:20,1306,29.9,2:00,-,-,145,90,53,151,85,124,1.78,147,-,0,MaxHr 190bpm. RestHr 65bpm. Weight 70kg.,
2019-06-30T12:03:57-04:00,Morning Ride,Ride,1:27:44,33.3,882,22.8,2:38,1146,32.3,1:51,-,-,153,104,71,170,82,163,2.33,211,-,0,MaxHr 190bpm. RestHr 65bpm. Weight 70kg.,
2019-07-01T10:51:51-04:00,Morning Ride,Ride,2:13:18,55.2,1126,24.5,2:26,1865,29.9,2:00,-,-,154,157,70,169,85,158,2.26,191,-,0,MaxHr 190bpm. RestHr 65bpm. Weight 70kg.,
2019-07-02T11:16:42-04:00,Morning Ride,Ride,2:15:33,50.4,1293,22.1,2:42,1627,30.4,1:58,-,-,147,137,60,167,77,152,2.18,201,-,0,MaxHr 190bpm. RestHr 65bpm. Weight 70kg.,
2019-07-03T12:10:09-04:00,Morning Ride,Ride,1:44:48,40.1,859,23,2:36,1251,28.9,2:04,-,-,147,103,59,160,80,146,2.09,186,-,0,MaxHr 190bpm. RestHr 65bpm. Weight 70kg.,
2019-07-04T10:51:44-04:00,Grifo Alto,Ride,2:58:47,73.2,2031,24.6,2:26,2532,34.5,1:44,-,-,157,227,76,174,83,188,2.68,221,-,0,MaxHr 190bpm. RestHr 65bpm. Weight 70kg.,
2019-07-07T07:59:58-04:00,GFNY Costa Rica 2019,Ride,4:58:47,144.1,3120,28.9,2:04,4912,35.6,1:41,-,-,167,467,94,182,87,210,3,287,-,0,MaxHr 190bpm. RestHr 65bpm. Weight 70kg.,
2019-07-09T12:41:13-04:00,Morning Ride,Ride,2:19:13,50.4,1239,21.7,2:45,1623,31.5,1:54,-,-,144,126,54,160,79,143,2.05,188,-,0,MaxHr 190bpm. RestHr 65bpm. Weight 70kg.,
2019-07-10T11:35:48-04:00,Grifo Alto,Ride,3:37:29,73.6,1922,20.3,2:57,2382,31.8,1:53,-,-,141,181,50,158,75,138,1.97,184,-,0,MaxHr 190bpm. RestHr 65bpm. Weight 70kg.,
2019-07-12T14:35:25-04:00,Santa Teresa,Ride,3:12:01,64.3,1053,20,3:00,2137,29.2,2:03,-,-,141,164,51,166,75,109,1.56,182,-,0,MaxHr 190bpm. RestHr 65bpm. Weight 70kg.,
2019-07-13T12:31:42-04:00,Paquera,Ride,2:36:01,60.4,679,22.9,2:37,1878,27.7,2:09,-,-,143,134,51,158,83,115,1.64,165,-,0,MaxHr 190bpm. RestHr 65bpm. Weight 70kg.,
2018-05-09T20:35:39-04:00,Calisthenics,Workout,0:50:00,0,0,-,-,-,-,-,-,-,-,-,-,-,-,-,-,-,-,-,Weight 70kg.,
2019-07-14T18:03:31-04:00,Siendo un vago,Ride,2:20:33,40.6,833,17.3,3:27,1238,22.1,2:43,-,-,133,96,41,151,75,98,1.41,154,-,0,MaxHr 190bpm. RestHr 65bpm. Weight 70kg.,
2018-05-06T12:13:53-04:00,Morning Run,Run,0:37:56,6.3,154,9.9,6:04,580,10.6,5:39,-,-,167,59,94,174,-,165,2.36,185,-,0,MaxHr 190bpm. RestHr 65bpm. Weight 70kg.,
2018-05-02T21:01:39-04:00,Evening Run,Run,0:41:28,7.8,86.6,11.3,5:17,689,11.8,5:04,-,-,179,87,127,190,-,213,3.04,222,-,0,MaxHr 190bpm. RestHr 65bpm. Weight 70kg.,
2018-04-28T16:17:19-04:00,Tapantí con lluvia ❤️,Run,1:25:58,10.9,538,7.8,7:39,1237,9.2,6:30,-,-,165,124,89,176,-,198,2.83,249,-,0,MaxHr 190bpm. RestHr 65bpm. Weight 70kg.,
2019-07-15T09:05:24-04:00,Puris,Ride,2:35:44,52.9,1313,20.4,2:56,1729,30.8,1:57,-,-,142,135,52,160,78,132,1.89,179,-,0,MaxHr 190bpm. RestHr 65bpm. Weight 70kg.,
2018-04-22T12:52:07-04:00,Morning Run,Run,1:42:29,10.1,373,5.8,10:19,983,8.1,7:26,-,-,157,132,77,175,-,100,1.43,185,-,0,MaxHr 190bpm. RestHr 65bpm. Weight 70kg.,
2018-04-13T19:18:17-04:00,Afternoon Run,Run,0:31:32,5.6,113.6,10.6,5:38,516,11.1,5:23,-,-,171,55,106,180,-,204,2.92,222,-,0,MaxHr 190bpm. RestHr 65bpm. Weight 70kg.,
2018-04-09T18:58:05-04:00,Callejeando ❤️,Run,0:46:49,8.3,162.1,10.6,5:38,764,11,5:28,-,-,179,98,126,186,-,208,2.97,223,-,0,MaxHr 190bpm. RestHr 65bpm. Weight 70kg.,
2019-07-16T11:09:46-04:00,San Pablo,Ride,4:54:16,105.5,3067,21.2,2:49,3642,44.4,1:21,-,-,148,309,62,168,75,163,2.33,215,-,0,MaxHr 190bpm. RestHr 65bpm. Weight 70kg.,
2019-07-17T11:17:14-04:00,Puriscal,Ride,2:24:03,53,1400,21.8,2:44,1669,32.6,1:50,-,-,145,137,56,172,78,155,2.21,226,-,0,MaxHr 190bpm. RestHr 65bpm. Weight 70kg.,
2019-07-19T10:38:36-04:00,Más Puriscal,Ride,2:17:00,53,1387,23.1,2:35,1690,32.8,1:49,-,-,148,138,60,165,76,163,2.32,197,-,0,MaxHr 190bpm. RestHr 65bpm. Weight 70kg.,
2019-07-20T08:14:12-04:00,Vuelta al mundo 🌎,Ride,6:47:18,146.9,3617,21.3,2:48,5039,43.7,1:22,-,-,149,445,65,177,71,147,2.1,234,-,0,MaxHr 190bpm. RestHr 65bpm. Weight 70kg.,
2019-07-21T11:43:24-04:00,Semana de 500k!,Ride,3:54:45,93.8,1446,23.5,2:33,2674,30.3,1:58,-,-,142,205,51,157,77,130,1.86,178,-,0,MaxHr 190bpm. RestHr 65bpm. Weight 70kg.,
2018-03-21T20:04:12-04:00,Evening Run,Run,0:44:27,7.2,140.4,9.7,6:12,657,9.8,6:07,-,-,-,-,-,-,-,194,2.77,213,-,0,Weight 70kg.,
2018-03-28T19:12:34-04:00,Afternoon Run,Run,0:45:48,7.3,104,9.5,6:19,642,10.1,5:55,-,-,-,-,-,-,79,182,2.59,187,-,0,Weight 70kg.,
2019-07-22T11:07:20-04:00,Morning Ride,Ride,2:19:15,50.4,1327,21.7,2:45,1416,31.5,1:54,-,-,138,108,46,155,74,149,2.14,194,-,0,MaxHr 190bpm. RestHr 65bpm. Weight 70kg.,
2019-07-25T07:25:04-04:00,Grecia,Ride,3:58:33,101.6,1790,24.6,2:26,2662,31.9,1:52,-,-,141,213,52,160,78,149,2.13,217,-,0,MaxHr 190bpm. RestHr 65bpm. Weight 70kg.,
2019-07-26T15:13:03-04:00,Grifo Alto,Ride,3:38:39,76,2003,20.9,2:52,2485,32.6,1:50,-,-,143,197,54,164,-,143,2.05,191,-,0,MaxHr 190bpm. RestHr 65bpm. Weight 70kg.,
2019-07-27T15:52:03-04:00,Afternoon Ride,Ride,2:28:14,50.4,1310,19.9,3:00,1380,30.3,1:58,-,-,132,100,39,150,72,138,1.97,182,-,0,MaxHr 190bpm. RestHr 65bpm. Weight 70kg.,
2019-07-28T16:26:39-04:00,Spinners are winners!,Ride,0:59:44,30.4,247,30.5,1:57,763,31.7,1:53,-,-,145,52,52,150,90,150,2.14,158,-,0,MaxHr 190bpm. RestHr 65bpm. Weight 70kg.,
2018-02-22T17:38:28-05:00,Afternoon Run,Run,0:49:43,8.3,120.4,9.9,6:01,738,10.1,5:57,-,-,-,-,-,-,80,190,2.71,238,-,0,Weight 70kg.,
2019-07-29T10:25:52-04:00,San Pablo,Ride,4:19:04,93.4,2624,20.7,2:53,3249,37.5,1:35,-,-,148,300,66,180,76,160,2.28,225,-,0,MaxHr 190bpm. RestHr 65bpm. Weight 70kg.,
2018-02-03T17:52:35-05:00,Corriendo acompañado ❤️,Run,1:20:36,12.4,65.3,9.1,6:36,1073,9.6,6:13,-,-,-,-,-,-,79,178,2.54,184,-,0,Weight 70kg.,
2019-07-30T11:30:19-04:00,Grifo,Ride,3:28:56,76.3,2067,20.7,2:53,2349,31.7,1:53,-,-,141,189,51,154,74,156,2.23,191,-,0,MaxHr 190bpm. RestHr 65bpm. Weight 70kg.,
2019-07-31T09:50:02-04:00,Alto,Ride,3:29:12,76.3,2074,21.4,2:48,2248,32.3,1:51,-,-,139,172,48,152,74,158,2.25,194,-,0,MaxHr 190bpm. RestHr 65bpm. Weight 70kg.,
2019-08-05T15:46:38-04:00,Picagres,Ride,1:27:14,25.6,685,17.2,3:28,1196,23.8,2:31,-,-,154,109,73,174,77,176,2.51,224,-,0,MaxHr 190bpm. RestHr 65bpm. Weight 70kg.,
2019-08-06T10:00:08-04:00,Hasta donde Abuelo,Ride,6:50:45,170.6,3388,24,2:29,5415,36.6,1:38,-,-,150,471,66,173,80,152,2.18,211,-,0,MaxHr 190bpm. RestHr 65bpm. Weight 70kg.,
2019-08-08T11:56:06-04:00,Por ahí,Ride,2:03:54,26,715,11.7,5:07,1551,19.3,3:06,-,-,146,128,57,162,-,128,1.82,183,-,0,MaxHr 190bpm. RestHr 65bpm. Weight 70kg.,
2019-08-09T12:28:11-04:00,Piedras Negras,Ride,1:39:13,27.2,636,16.2,3:41,989,20.5,2:56,-,-,137,82,49,169,-,147,2.1,218,-,0,MaxHr 190bpm. RestHr 65bpm. Weight 70kg.,
2019-08-10T08:46:01-04:00,Vuelta al mundo 2.0,Ride,6:27:30,141,3366,21.5,2:47,4315,42.9,1:23,-,-,142,354,54,171,-,146,2.09,203,-,0,MaxHr 190bpm. RestHr 65bpm. Weight 70kg.,
2018-01-08T19:30:00-05:00,Calisthenics,Workout,0:30:00,0,0,-,-,-,-,-,-,-,-,-,-,-,-,-,-,-,-,-,Weight 70kg.,
2019-08-11T14:40:02-04:00,Turisteando,Ride,1:40:25,15.1,492,7.5,7:57,788,14.5,4:08,-,-,126,71,34,147,-,101,1.44,159,-,0,MaxHr 190bpm. RestHr 65bpm. Weight 70kg.,
2019-08-12T11:27:46-04:00,Turrúcares,Ride,2:49:03,52.9,1150,18.6,3:13,1823,28.9,2:04,-,-,140,137,48,156,-,182,2.61,222,-,0,MaxHr 190bpm. RestHr 65bpm. Weight 70kg.,
2019-08-13T14:09:44-04:00,Irazú 🌧️❄️,Ride,3:27:28,64.2,2194,18.4,3:15,2405,42.4,1:24,-,-,145,195,56,164,70,149,2.13,223,-,0,MaxHr 190bpm. RestHr 65bpm. Weight 70kg.,
2019-08-15T09:42:11-04:00,Eólicas al revés,Ride,2:47:45,40.3,1326,13.5,4:26,1979,27.6,2:10,-,-,142,166,55,166,-,160,2.29,246,-,0,MaxHr 190bpm. RestHr 65bpm. Weight 70kg.,
2019-08-17T10:54:51-04:00,Vuelta al valle extendida,Ride,5:49:14,139.8,2768.3,23.8,2:31,4400,41.8,1:26,-,-,149,390,66,181,81,156,2.23,272,-,0,MaxHr 190bpm. RestHr 65bpm. Weight 70kg.,
2019-08-18T13:41:35-04:00,Aflojando,Ride,2:16:45,55.2,884,24.1,2:29,1578,31.3,1:55,-,-,142,116,51,150,81,139,1.99,173,-,0,MaxHr 190bpm. RestHr 65bpm. Weight 70kg.,
2019-08-20T11:00:18-04:00,Morning Ride,Ride,2:32:59,50.6,981,19.2,3:07,1761,28.2,2:07,-,-,141,133,50,159,-,179,2.55,223,-,0,MaxHr 190bpm. RestHr 65bpm. Weight 70kg.,
2019-08-23T10:46:38-04:00,Back to NC ⚡,Ride,1:41:17,52.8,605,30.9,1:56,1568,34.7,1:43,-,-,161,138,81,173,96,185,2.65,222,-,0,MaxHr 190bpm. RestHr 65bpm. Weight 70kg.,
2017-12-11T10:08:42-05:00,Morning Run,Run,0:58:14,10.2,92.6,10.4,5:45,906,11.3,5:17,-,-,-,-,-,-,80,206,2.94,219,-,0,Weight 70kg.,
2017-12-09T18:38:55-05:00,Afternoon Run,Run,0:40:26,7.5,75.2,11.1,5:23,668,12.1,4:57,-,-,182,88,131,183,81,225,3.21,233,-,0,MaxHr 190bpm. RestHr 65bpm. Weight 70kg.,
2019-08-25T15:03:44-04:00,Rotando fuerte,Ride,1:39:49,55.4,541,33.3,1:48,1495,38.5,1:33,-,-,158,123,74,164,97,205,2.94,240,-,0,MaxHr 190bpm. RestHr 65bpm. Weight 70kg.,
2019-08-26T15:55:11-04:00,Rotando,Ride,2:02:44,63,744,30.2,1:59,1661,33.5,1:47,-,-,150,128,61,157,95,180,2.57,196,-,0,MaxHr 190bpm. RestHr 65bpm. Weight 70kg.,
2019-08-30T17:45:00-04:00,Rodando rápido,Ride,1:25:05,47.5,406,32.7,1:50,1393,38.1,1:34,-,-,165,132,91,174,97,211,3.02,257,-,0,MaxHr 190bpm. RestHr 65bpm. Weight 70kg.,
2019-08-31T17:53:27-04:00,Rodando,Ride,1:04:00,32.5,282,30.2,1:59,855,35.7,1:40,-,-,150,66,61,158,94,161,2.3,187,-,0,MaxHr 190bpm. RestHr 65bpm. Weight 70kg.,
2019-09-01T16:10:00-04:00,Genghis Gan turns 1,Ride,1:52:15,45.9,447,24.3,2:28,1114,28,2:08,-,-,136,79,42,146,84,112,1.6,145,-,0,MaxHr 190bpm. RestHr 65bpm. Weight 70kg.,
2019-09-03T17:27:57-04:00,FTP Test | Zwift,VirtualRide,1:04:37,30.3,550,28.2,2:07,729,34.2,1:45,-,-,162,92,86,171,-,197,2.81,241,-,0,MaxHr 190bpm. RestHr 65bpm. Weight 70kg.,
2017-11-21T06:53:33-05:00,Morning Run,Run,0:43:15,7.4,104.5,10.2,5:54,651,11,5:27,-,-,163,60,83,166,80,200,2.86,212,-,0,MaxHr 190bpm. RestHr 65bpm. Weight 70kg.,
2019-09-04T17:40:32-04:00,Cyclocross!,Ride,1:05:38,13.2,184,11.9,5:01,900,10.8,5:34,-,-,151,74,67,164,-,78,1.12,79,-,0,MaxHr 190bpm. RestHr 65bpm. Weight 70kg.,
2017-11-16T06:14:19-05:00,Morning Run,Run,0:59:14,10.6,191.9,10.7,5:37,951,11.2,5:22,-,-,167,92,93,173,80,212,3.02,235,-,0,MaxHr 190bpm. RestHr 65bpm. Weight 70kg.,
2019-09-06T16:45:29-04:00,Paseo del viernes en la noche,Ride,1:39:58,52,560,30.9,1:56,1635,36.1,1:39,-,-,166,152,90,172,95,185,2.64,216,-,0,MaxHr 190bpm. RestHr 65bpm. Weight 70kg.,
2019-09-07T15:00:09-04:00,Sauratown,Ride,3:38:21,100.9,1395,27.6,2:10,3490,34.9,1:43,-,-,165,337,92,186,90,158,2.26,205,-,0,MaxHr 190bpm. RestHr 65bpm. Weight 70kg.,
2019-09-08T13:55:36-04:00,Rural Hall,Ride,1:44:43,52.6,535,29.4,2:02,1744,34.6,1:43,-,-,168,172,96,178,95,167,2.39,203,-,0,MaxHr 190bpm. RestHr 65bpm. Weight 70kg.,
2019-09-10T18:37:38-04:00,Lewisville,Ride,1:31:26,47.2,447,30.8,1:56,1288,34,1:45,-,-,154,106,69,164,94,172,2.45,191,-,0,MaxHr 190bpm. RestHr 65bpm. Weight 70kg.,
2017-11-07T06:05:22-05:00,Morning Run,Run,1:00:43,10.6,191.8,10.4,5:46,950,11.1,5:24,-,-,166,90,89,169,81,206,2.94,221,-,0,MaxHr 190bpm. RestHr 65bpm. Weight 70kg.,
2017-11-05T07:45:21-05:00,Carrera Cruz Roja Ciudad Colón,Run,0:30:10,6,120.5,11.7,5:07,543,12.3,4:53,-,-,179,62,122,182,82,239,3.41,246,-,0,MaxHr 190bpm. RestHr 65bpm. Weight 70kg.,
2019-09-11T17:55:23-04:00,Afternoon Ride,Ride,1:44:59,55.4,502,31.5,1:54,1479,35.2,1:42,-,-,153,116,66,159,95,180,2.58,201,-,0,MaxHr 190bpm. RestHr 65bpm. Weight 70kg.,
2019-09-13T10:32:05-04:00,Morning Ride,Ride,1:49:09,51.4,576,28,2:08,1289,32.2,1:51,-,-,142,90,49,148,89,150,2.15,189,-,0,MaxHr 190bpm. RestHr 65bpm. Weight 70kg.,
2017-10-31T07:26:20-04:00,Morning Run,Run,0:39:52,7.3,103.9,11,5:28,648,11,5:26,-,-,166,59,89,169,80,211,3.01,223,-,0,MaxHr 190bpm. RestHr 65bpm. Weight 70kg.,
2019-09-14T12:30:04-04:00,Pilot Mtn,Ride,2:50:08,81,1096,27.8,2:09,2550,33.5,1:47,-,-,158,225,77,185,91,167,2.39,245,-,0,MaxHr 190bpm. RestHr 65bpm. Weight 70kg.,
2019-09-15T12:00:04-04:00,15 de septiembre 🇨🇷,Ride,2:04:00,61.4,692,29.4,2:02,1806,33.9,1:46,-,-,155,146,70,165,92,165,2.35,196,-,0,MaxHr 190bpm. RestHr 65bpm. Weight 70kg.,
2019-09-17T16:47:31-04:00,Afternoon Ride,Ride,1:20:51,41.1,454,29.9,2:00,1156,33.8,1:46,-,-,155,96,69,162,94,176,2.52,206,-,0,MaxHr 190bpm. RestHr 65bpm. Weight 70kg.,
2019-09-18T17:41:48-04:00,Afternoon Ride,Ride,1:26:05,45.6,447,31.4,1:54,1326,36,1:40,-,-,161,119,81,173,97,181,2.59,221,-,0,MaxHr 190bpm. RestHr 65bpm. Weight 70kg.,
2017-10-22T12:47:44-04:00,Morning Run,Run,0:58:21,10.6,191.8,10.9,5:31,953,11.6,5:09,-,-,176,113,116,182,81,214,3.05,227,-,0,MaxHr 190bpm. RestHr 65bpm. Weight 70kg.,
2019-09-20T17:55:47-04:00,Con poco tiempo,Ride,1:07:52,35.2,314,30.9,1:56,1029,34.5,1:44,-,-,159,87,76,163,91,169,2.42,188,-,0,MaxHr 190bpm. RestHr 65bpm. Weight 70kg.,
2019-09-21T11:57:23-04:00,Dos loops,Ride,2:38:51,80.1,890,28.7,2:05,2432,36.7,1:38,-,-,158,217,77,173,89,174,2.49,225,-,0,MaxHr 190bpm. RestHr 65bpm. Weight 70kg.,
2019-09-22T16:27:01-04:00,Último día de verano,Ride,1:58:06,62.5,589,31.7,1:53,1772,34,1:45,-,-,158,144,73,163,95,179,2.56,201,-,0,MaxHr 190bpm. RestHr 65bpm. Weight 70kg.,
,,,,,,,,,,,,,,,,,,,,,,,,
2017-10-14T13:00:16-04:00,Morning Run,Run,1:07:31,10.7,191.3,9.4,6:24,962,10.5,5:43,-,-,173,123,108,178,80,193,2.76,205,-,0,MaxHr 190bpm. RestHr 65bpm. Weight 70kg.,
,,,,,,,,,,,,,,,,,,,,,,,,
2017-10-08T12:49:39-04:00,Morning Run,Run,1:09:40,10.6,192.3,9,6:38,953,9.9,6:02,-,-,166,105,90,172,79,181,2.59,196,-,0,MaxHr 190bpm. RestHr 65bpm. Weight 70kg.,
,,,,,,,,,,,,,,,,,,,,,,,,
,,,,,,,,,,,,,,,,,,,,,,,,
2017-10-05T00:10:00-04:00,Calisthenics,Workout,1:00:00,0,0,-,-,-,-,-,-,-,-,-,-,-,-,-,-,-,-,-,Weight 70kg.,
,,,,,,,,,,,,,,,,,,,,,,,,
,,,,,,,,,,,,,,,,,,,,,,,,
,,,,,,,,,,,,,,,,,,,,,,,,
,,,,,,,,,,,,,,,,,,,,,,,,
2017-09-24T12:31:11-04:00,Morning Run,Run,1:11:14,10.8,192,9,6:39,952,10.7,5:37,-,-,172,124,104,176,80,185,2.64,200,-,0,MaxHr 190bpm. RestHr 65bpm. Weight 70kg.,
,,,,,,,,,,,,,,,,,,,,,,,,
,,,,,,,,,,,,,,,,,,,,,,,,
2017-09-17T13:06:46-04:00,Morning Run,Run,1:08:53,10.6,190.4,9.1,6:34,935,10,5:58,-,-,164,100,87,167,79,186,2.66,199,-,0,MaxHr 190bpm. RestHr 65bpm. Weight 70kg.,
,,,,,,,,,,,,,,,,,,,,,,,,
,,,,,,,,,,,,,,,,,,,,,,,,
2017-09-13T18:04:00-04:00,Calisthenics,Workout,1:00:00,0,0,-,-,-,-,-,-,-,-,-,-,-,-,-,-,-,-,-,Weight 70kg.,
,,,,,,,,,,,,,,,,,,,,,,,,
,,,,,,,,,,,,,,,,,,,,,,,,
,,,,,,,,,,,,,,,,,,,,,,,,
2017-09-09T12:10:31-04:00,Morning Run,Run,1:04:22,10.6,192,9.8,6:06,935,10.8,5:33,-,-,-,-,-,-,81,195,2.78,203,-,0,Weight 70kg.,
2017-09-08T12:45:07-04:00,Calisthenics,Workout,1:00:00,0,0,-,-,-,-,-,-,-,-,-,-,-,-,-,-,-,-,-,Weight 70kg.,
2017-09-03T12:44:43-04:00,Morning Run,Run,1:13:53,10.8,191.6,8.7,6:54,950,9.2,6:30,-,-,159,93,76,163,79,181,2.59,196,-,0,MaxHr 190bpm. RestHr 65bpm. Weight 70kg.,
2017-09-02T21:40:00-04:00,Calisthenics,Workout,1:00:00,0,0,-,-,-,-,-,-,-,-,-,-,-,-,-,-,-,-,-,Weight 70kg.,
,,,,,,,,,,,,,,,,,,,,,,,,
,,,,,,,,,,,,,,,,,,,,,,,,
,,,,,,,,,,,,,,,,,,,,,,,,
2017-08-27T12:07:08-04:00,Corriendo bajo el sol,Run,1:44:44,15.1,151.6,8.6,6:56,1312,9.6,6:16,-,-,158,126,72,160,78,167,2.38,194,-,0,MaxHr 190bpm. RestHr 65bpm. Weight 70kg.,
,,,,,,,,,,,,,,,,,,,,,,,,
,,,,,,,,,,,,,,,,,,,,,,,,
,,,,,,,,,,,,,,,,,,,,,,,,
,,,,,,,,,,,,,,,,,,,,,,,,
,,,,,,,,,,,,,,,,,,,,,,,,
,,,,,,,,,,,,,,,,,,,,,,,,
,,,,,,,,,,,,,,,,,,,,,,,,
2017-08-15T12:53:20-04:00,Morning Run,Run,1:08:47,10.6,191.4,9.2,6:29,938,9.6,6:16,-,-,166,106,92,172,79,186,2.66,196,-,0,MaxHr 190bpm. RestHr 65bpm. Weight 70kg.,
,,,,,,,,,,,,,,,,,,,,,,,,
,,,,,,,,,,,,,,,,,,,,,,,,
2017-08-11T12:30:00-04:00,Calisthenics,Workout,1:00:00,0,0,-,-,-,-,-,-,-,-,-,-,-,-,-,-,-,-,-,Weight 70kg.,
2017-08-10T13:32:56-04:00,Lunch Run,Run,1:07:30,10.6,192.2,9.4,6:22,938,10.1,5:55,-,-,158,83,74,162,78,189,2.7,201,-,0,MaxHr 190bpm. RestHr 65bpm. Weight 70kg.,
,,,,,,,,,,,,,,,,,,,,,,,,
,,,,,,,,,,,,,,,,,,,,,,,,
,,,,,,,,,,,,,,,,,,,,,,,,
,,,,,,,,,,,,,,,,,,,,,,,,
,,,,,,,,,,,,,,,,,,,,,,,,
2017-08-03T17:37:00-04:00,Calisthenics,Workout,1:00:00,0,0,-,-,-,-,-,-,-,-,-,-,-,-,-,-,-,-,-,Weight 70kg.,
2017-08-02T15:25:06-04:00,Afternoon Run,Run,1:04:51,7.3,219.1,6.4,9:25,670,8.5,7:04,-,-,-,-,-,-,66,190,2.72,188,-,0,Weight 70kg.,
,,,,,,,,,,,,,,,,,,,,,,,,
2017-07-31T11:51:36-04:00,Run until you die,Run,2:45:20,20.7,440,7.5,8:00,1834,8.6,6:56,-,-,-,-,-,-,79,148,2.11,215,-,0,Weight 70kg.,
2017-07-28T09:51:40-04:00,Morning Run,Run,1:11:33,10.6,172.1,8.9,6:45,935,9.1,6:37,-,-,-,-,-,-,79,174,2.48,239,-,0,Weight 70kg.,
,,,,,,,,,,,,,,,,,,,,,,,,
2017-07-26T20:25:00-04:00,Calisthenics,Workout,1:00:00,0,0,-,-,-,-,-,-,-,-,-,-,-,-,-,-,-,-,-,Weight 70kg.,
,,,,,,,,,,,,,,,,,,,,,,,,
,,,,,,,,,,,,,,,,,,,,,,,,
,,,,,,,,,,,,,,,,,,,,,,,,
2017-07-23T20:55:00-04:00,Calisthenics,Workout,1:00:00,0,0,-,-,-,-,-,-,-,-,-,-,-,-,-,-,-,-,-,Weight 70kg.,
2017-07-23T11:59:22-04:00,Morning Run,Run,1:13:58,10.6,190.8,8.5,7:03,935,8.9,6:44,-,-,-,-,-,-,-,170,2.43,198,-,0,Weight 70kg.,
,,,,,,,,,,,,,,,,,,,,,,,,
,,,,,,,,,,,,,,,,,,,,,,,,
,,,,,,,,,,,,,,,,,,,,,,,,
2017-07-19T23:45:00-04:00,Calisthenics,Workout,1:00:00,0,0,-,-,-,-,-,-,-,-,-,-,-,-,-,-,-,-,-,Weight 70kg.,
2017-07-19T11:48:55-04:00,Morning Run,Run,1:09:23,10.7,191.6,9.2,6:31,945,9.8,6:07,-,-,-,-,-,-,-,188,2.68,203,-,0,Weight 70kg.,
,,,,,,,,,,,,,,,,,,,,,,,,
2017-04-28T23:30:00-04:00,Calisthenics,Workout,0:30:00,0,0,-,-,-,-,-,-,-,-,-,-,-,-,-,-,-,-,-,Weight 70kg.,
2017-04-24T22:20:00-04:00,Calisthenics,Workout,0:30:00,0,0,-,-,-,-,-,-,-,-,-,-,-,-,-,-,-,-,-,Weight 70kg.,
2017-04-21T23:00:00-04:00,Calisthenics,Workout,0:30:00,0,0,-,-,-,-,-,-,-,-,-,-,-,-,-,-,-,-,-,Weight 70kg.,
2017-04-17T22:15:00-04:00,Calisthenics,Workout,0:30:00,0,0,-,-,-,-,-,-,-,-,-,-,-,-,-,-,-,-,-,Weight 70kg.,
,,,,,,,,,,,,,,,,,,,,,,,,
,,,,,,,,,,,,,,,,,,,,,,,,
,,,,,,,,,,,,,,,,,,,,,,,,
,,,,,,,,,,,,,,,,,,,,,,,,
,,,,,,,,,,,,,,,,,,,,,,,,
2017-04-22T11:51:42-04:00,Morning Run,Run,0:27:24,6.3,256.6,10.4,5:45,595,8.6,6:58,-,-,-,-,-,-,-,144,2.06,192,-,0,Weight 70kg.,
2017-04-18T09:33:36-04:00,Morning Run,Run,0:28:31,6.3,262.2,10,5:59,598,8.6,6:58,-,-,-,-,-,-,-,154,2.2,189,-,0,Weight 70kg.,
,,,,,,,,,,,,,,,,,,,,,,,,
2017-04-16T13:53:31-04:00,Lunch Run,Run,0:27:04,6.3,263.4,10.6,5:40,602,9,6:39,-,-,-,-,-,-,-,160,2.28,202,-,0,Weight 70kg.,
2017-04-13T20:10:24-04:00,Evening Run,Run,0:26:52,6.3,264.8,10.7,5:36,605,9,6:37,-,-,-,-,-,-,-,155,2.21,197,-,0,Weight 70kg.,
2017-04-11T09:30:16-04:00,Morning Run,Run,0:28:41,6.3,260,10.2,5:54,600,8.5,7:02,-,-,-,-,-,-,-,145,2.07,187,-,0,Weight 70kg.,
,,,,,,,,,,,,,,,,,,,,,,,,
2017-04-09T19:39:53-04:00,Afternoon Run,Run,0:29:54,6.3,255.8,9.9,6:04,595,8.4,7:06,-,-,-,-,-,-,-,144,2.06,183,-,0,Weight 70kg.,
2017-04-02T17:53:54-04:00,Afternoon Run,Run,0:28:43,6.3,257,10.1,5:55,599,9,6:41,-,-,-,-,-,-,-,147,2.1,183,-,0,Weight 70kg.,
2017-04-04T09:27:26-04:00,Morning Run,Run,0:26:59,6.3,263.6,10.5,5:41,600,8.8,6:48,-,-,-,-,-,-,-,154,2.2,189,-,0,Weight 70kg.,
,,,,,,,,,,,,,,,,,,,,,,,,
,,,,,,,,,,,,,,,,,,,,,,,,
2017-03-31T09:22:50-04:00,Morning Run,Run,0:19:08,4.6,194.8,11.3,5:19,442,9.3,6:29,-,-,-,-,-,-,-,159,2.28,190,-,0,Weight 70kg.,
,,,,,,,,,,,,,,,,,,,,,,,,
,,,,,,,,,,,,,,,,,,,,,,,,
,,,,,,,,,,,,,,,,,,,,,,,,
,,,,,,,,,,,,,,,,,,,,,,,,
2017-03-21T09:10:40-04:00,Morning Run,Run,0:19:56,4.6,195,10.8,5:34,439,9.2,6:29,-,-,-,-,-,-,-,174,2.49,199,-,0,Weight 70kg.,
,,,,,,,,,,,,,,,,,,,,,,,,
2017-03-19T21:24:35-04:00,Evening Run,Run,0:19:59,4.6,194.8,10.8,5:33,444,9.2,6:29,-,-,-,-,-,-,-,155,2.22,186,-,0,Weight 70kg.,
2017-03-14T08:50:16-04:00,Morning Run,Run,0:19:59,4.6,200,10.6,5:38,443,8.7,6:54,-,-,-,-,-,-,-,145,2.08,185,-,0,Weight 70kg.,
,,,,,,,,,,,,,,,,,,,,,,,,
,,,,,,,,,,,,,,,,,,,,,,,,
2017-03-11T20:29:35-05:00,Evening Run,Run,0:20:31,4.7,195.8,10.4,5:44,444,8.5,7:03,-,-,-,-,-,-,-,161,2.3,187,-,0,Weight 70kg.,
,,,,,,,,,,,,,,,,,,,,,,,,
2017-03-05T18:49:27-05:00,Afternoon Run,Run,0:20:59,4.6,194.9,10,6:01,440,8.3,7:11,-,-,-,-,-,-,-,146,2.09,178,-,0,Weight 70kg.,
2017-03-07T08:02:05-05:00,Morning Run,Run,0:15:22,3.5,143.3,9.9,6:02,331,8.3,7:15,-,-,-,-,-,-,-,143,2.04,183,-,0,Weight 70kg.,
,,,,,,,,,,,,,,,,,,,,,,,,
,,,,,,,,,,,,,,,,,,,,,,,,
2017-02-27T08:08:18-05:00,Morning Run,Run,0:20:31,4.6,200.3,10.3,5:47,445,8.8,6:47,-,-,-,-,-,-,-,155,2.22,192,-,0,Weight 70kg.,
,,,,,,,,,,,,,,,,,,,,,,,,
2017-02-24T08:09:41-05:00,Morning Run,Run,0:20:21,4.6,197.2,10.3,5:48,439,9,6:40,-,-,-,-,-,-,-,150,2.14,193,-,0,Weight 70kg.,
,,,,,,,,,,,,,,,,,,,,,,,,
,,,,,,,,,,,,,,,,,,,,,,,,
,,,,,,,,,,,,,,,,,,,,,,,,
,,,,,,,,,,,,,,,,,,,,,,,,
2017-02-14T07:49:26-05:00,Morning Run,Run,0:20:28,4.7,200,10.1,5:58,446,8.6,6:57,-,-,-,-,-,-,-,154,2.19,191,-,0,Weight 70kg.,
,,,,,,,,,,,,,,,,,,,,,,,,
,,,,,,,,,,,,,,,,,,,,,,,,
2017-02-09T07:40:14-05:00,Morning Run,Run,0:20:55,4.7,196.4,10.2,5:52,443,8.4,7:10,-,-,-,-,-,-,-,146,2.08,192,-,0,Weight 70kg.,
2017-02-06T07:28:57-05:00,Morning Run,Run,0:20:25,4.7,195.8,10.3,5:49,446,8.8,6:47,-,-,-,-,-,-,-,144,2.06,187,-,0,Weight 70kg.,
2017-02-04T11:26:12-05:00,Morning Run,Run,0:20:13,4.6,197.5,10.7,5:36,443,8.9,6:46,-,-,-,-,-,-,-,153,2.19,188,-,0,Weight 70kg.,
2017-02-01T18:03:41-05:00,Afternoon Run,Run,0:21:17,4.7,196.1,9.9,6:04,444,8.6,6:58,-,-,-,-,-,-,-,159,2.27,196,-,0,Weight 70kg.,
2017-06-30T11:30:00-04:00,Calisthenics,Workout,1:00:00,0,0,-,-,-,-,-,-,-,-,-,-,-,-,-,-,-,-,-,Weight 70kg.,
2017-06-29T00:55:00-04:00,Calisthenics,Workout,0:55:00,0,0,-,-,-,-,-,-,-,-,-,-,-,-,-,-,-,-,-,Weight 70kg.,
2017-06-19T00:55:00-04:00,Calisthenics,Workout,0:50:00,0,0,-,-,-,-,-,-,-,-,-,-,-,-,-,-,-,-,-,Weight 70kg.,
2017-06-11T14:30:00-04:00,Calisthenics,Workout,1:00:00,0,0,-,-,-,-,-,-,-,-,-,-,-,-,-,-,-,-,-,Weight 70kg.,
2017-06-05T23:50:00-04:00,Calisthenics,Workout,0:45:00,0,0,-,-,-,-,-,-,-,-,-,-,-,-,-,-,-,-,-,Weight 70kg.,
2017-06-02T23:05:00-04:00,Calisthenics,Workout,1:00:00,0,0,-,-,-,-,-,-,-,-,-,-,-,-,-,-,-,-,-,Weight 70kg.,
,,,,,,,,,,,,,,,,,,,,,,,,
,,,,,,,,,,,,,,,,,,,,,,,,
2017-06-28T16:14:26-04:00,Afternoon Run,Run,0:32:02,4.9,89.9,9.1,6:34,439,9.7,6:12,-,-,-,-,-,-,-,185,2.65,187,-,0,Weight 70kg.,
,,,,,,,,,,,,,,,,,,,,,,,,
,,,,,,,,,,,,,,,,,,,,,,,,
,,,,,,,,,,,,,,,,,,,,,,,,
,,,,,,,,,,,,,,,,,,,,,,,,
,,,,,,,,,,,,,,,,,,,,,,,,
,,,,,,,,,,,,,,,,,,,,,,,,
,,,,,,,,,,,,,,,,,,,,,,,,
,,,,,,,,,,,,,,,,,,,,,,,,
,,,,,,,,,,,,,,,,,,,,,,,,
,,,,,,,,,,,,,,,,,,,,,,,,
,,,,,,,,,,,,,,,,,,,,,,,,
,,,,,,,,,,,,,,,,,,,,,,,,
2017-06-04T11:04:25-04:00,Morning Run,Run,1:11:15,10,169.2,8.5,7:04,874,9.1,6:36,-,-,-,-,-,-,-,162,2.32,185,-,0,Weight 70kg.,
2017-06-06T09:18:22-04:00,Morning Run,Run,0:42:48,6.3,82,8.8,6:50,544,9.2,6:30,-,-,-,-,-,-,-,163,2.33,180,-,0,Weight 70kg.,
2017-05-26T09:10:00-04:00,Calisthenics,Workout,1:00:00,0,0,-,-,-,-,-,-,-,-,-,-,-,-,-,-,-,-,-,Weight 70kg.,
2017-05-29T22:55:00-04:00,Calisthenics,Workout,0:45:00,0,0,-,-,-,-,-,-,-,-,-,-,-,-,-,-,-,-,-,Weight 70kg.,
2017-05-22T23:05:00-04:00,Calisthenics,Workout,0:45:00,0,0,-,-,-,-,-,-,-,-,-,-,-,-,-,-,-,-,-,Weight 70kg.,
2017-05-19T23:00:00-04:00,Calisthenics,Workout,0:45:00,0,0,-,-,-,-,-,-,-,-,-,-,-,-,-,-,-,-,-,Weight 70kg.,
2017-05-15T23:15:00-04:00,Calisthenics,Workout,0:45:00,0,0,-,-,-,-,-,-,-,-,-,-,-,-,-,-,-,-,-,Weight 70kg.,
2017-05-12T22:10:00-04:00,Calisthenics,Workout,0:45:00,0,0,-,-,-,-,-,-,-,-,-,-,-,-,-,-,-,-,-,Weight 70kg.,
2017-05-08T22:50:00-04:00,Calisthenics,Workout,0:45:00,0,0,-,-,-,-,-,-,-,-,-,-,-,-,-,-,-,-,-,Weight 70kg.,
2017-05-05T23:00:00-04:00,Calisthenics,Workout,0:30:00,0,0,-,-,-,-,-,-,-,-,-,-,-,-,-,-,-,-,-,Weight 70kg.,
2017-05-01T20:30:00-04:00,Calisthenics,Workout,0:30:00,0,0,-,-,-,-,-,-,-,-,-,-,-,-,-,-,-,-,-,Weight 70kg.,
,,,,,,,,,,,,,,,,,,,,,,,,
2017-05-30T09:21:11-04:00,Morning Run,Run,0:43:09,6.3,230.3,8.8,6:48,588,9.2,6:32,-,-,-,-,-,-,-,189,2.69,205,-,0,Weight 70kg.,
,,,,,,,,,,,,,,,,,,,,,,,,
,,,,,,,,,,,,,,,,,,,,,,,,
,,,,,,,,,,,,,,,,,,,,,,,,
2017-01-29T17:02:18-05:00,Afternoon Run,Run,0:21:45,4.6,198.2,10.1,5:57,442,7.9,7:36,-,-,-,-,-,-,-,127,1.81,156,-,0,Weight 70kg.,
2017-01-27T17:52:49-05:00,Afternoon Run,Run,0:21:06,4.6,199.4,10.1,5:56,445,8.5,7:01,-,-,-,-,-,-,-,144,2.05,177,-,0,Weight 70kg.,
2017-07-05T23:40:00-04:00,Calisthenics,Workout,1:00:00,0,0,-,-,-,-,-,-,-,-,-,-,-,-,-,-,-,-,-,Weight 70kg.,
2017-07-09T21:18:00-04:00,Calisthenics,Workout,1:00:00,0,0,-,-,-,-,-,-,-,-,-,-,-,-,-,-,-,-,-,Weight 70kg.,
2017-07-16T21:25:00-04:00,Calisthenics,Workout,1:00:00,0,0,-,-,-,-,-,-,-,-,-,-,-,-,-,-,-,-,-,Weight 70kg.,
2017-07-12T20:00:00-04:00,Calisthenics,Workout,1:00:00,0,0,-,-,-,-,-,-,-,-,-,-,-,-,-,-,-,-,-,Weight 70kg.,
,,,,,,,,,,,,,,,,,,,,,,,,
,,,,,,,,,,,,,,,,,,,,,,,,
,,,,,,,,,,,,,,,,,,,,,,,,
,,,,,,,,,,,,,,,,,,,,,,,,
2017-07-16T12:48:15-04:00,Morning Run,Run,1:15:16,10.2,164.9,8.2,7:21,890,8.6,7:00,-,-,-,-,-,-,-,160,2.28,184,-,0,Weight 70kg.,
,,,,,,,,,,,,,,,,,,,,,,,,
,,,,,,,,,,,,,,,,,,,,,,,,
2017-07-12T12:19:08-04:00,Morning Run,Run,1:13:07,10.1,272,8.3,7:11,910,9.4,6:22,-,-,-,-,-,-,-,174,2.49,197,-,0,Weight 70kg.,
,,,,,,,,,,,,,,,,,,,,,,,,
2017-07-09T12:47:02-04:00,Morning Run,Run,1:13:32,10.2,167.1,8.4,7:10,892,9.1,6:34,-,-,-,-,-,-,-,160,2.29,181,-,0,Weight 70kg.,
,,,,,,,,,,,,,,,,,,,,,,,,
,,,,,,,,,,,,,,,,,,,,,,,,
,,,,,,,,,,,,,,,,,,,,,,,,
2017-07-05T12:07:28-04:00,Morning Run,Run,1:11:15,10.2,167.8,8.6,6:58,890,9.2,6:30,-,-,-,-,-,-,-,166,2.38,186,-,0,Weight 70kg.,
,,,,,,,,,,,,,,,,,,,,,,,,
2017-07-02T12:34:45-04:00,Morning Run,Run,1:06:51,10.5,51.8,9.2,6:29,905,10,5:59,-,-,-,-,-,-,-,171,2.44,186,-,0,Weight 70kg.,
2017-05-28T13:59:30-04:00,Lunch Run,Run,1:17:28,10.8,452,8.3,7:13,1034,8.8,6:48,-,-,-,-,-,-,-,179,2.55,208,-,0,Weight 70kg.,
,,,,,,,,,,,,,,,,,,,,,,,,
,,,,,,,,,,,,,,,,,,,,,,,,
2017-05-23T09:24:30-04:00,Morning Run,Run,0:44:08,6.5,266.6,8.8,6:49,623,9,6:41,-,-,-,-,-,-,-,195,2.79,208,-,0,Weight 70kg.,
2017-05-21T11:56:40-04:00,Morning Run,Run,1:19:41,10.7,451.5,8,7:29,1029,8.5,7:03,-,-,-,-,-,-,-,173,2.47,196,-,0,Weight 70kg.,
,,,,,,,,,,,,,,,,,,,,,,,,
,,,,,,,,,,,,,,,,,,,,,,,,
2017-05-16T09:21:47-04:00,Morning Run,Run,0:44:14,6.6,267.8,8.9,6:45,626,9.1,6:35,-,-,-,-,-,-,-,194,2.77,206,-,0,Weight 70kg.,
,,,,,,,,,,,,,,,,,,,,,,,,
2017-05-13T17:19:20-04:00,Afternoon Run,Run,1:17:57,10.8,451.4,8.3,7:14,1034,8.6,6:58,-,-,-,-,-,-,-,180,2.56,197,-,0,Weight 70kg.,
,,,,,,,,,,,,,,,,,,,,,,,,
2017-05-09T09:26:18-04:00,Morning Run,Run,0:45:30,6.5,266.8,8.6,6:58,624,8.6,6:56,-,-,-,-,-,-,-,187,2.67,199,-,0,Weight 70kg.,
2017-05-07T18:59:00-04:00,Afternoon Run,Run,0:45:11,6.5,265.7,8.6,6:57,623,8.7,6:53,-,-,-,-,-,-,-,190,2.71,206,-,0,Weight 70kg.,
,,,,,,,,,,,,,,,,,,,,,,,,
2017-05-04T09:22:08-04:00,Morning Run,Run,0:45:16,6.3,265.4,8.4,7:10,608,8.4,7:06,-,-,-,-,-,-,-,171,2.45,197,-,0,Weight 70kg.,
,,,,,,,,,,,,,,,,,,,,,,,,
2017-04-30T16:17:22-04:00,Afternoon Run,Run,0:46:04,6.5,267,8.5,7:03,625,8.6,6:58,-,-,-,-,-,-,-,183,2.61,201,-,0,Weight 70kg.,
,,,,,,,,,,,,,,,,,,,,,,,,
,,,,,,,,,,,,,,,,,,,,,,,,
2017-04-25T09:41:16-04:00,Morning Run,Run,0:42:49,6.5,266.4,9.1,6:35,624,9.2,6:31,-,-,-,-,-,-,-,203,2.9,213,-,0,Weight 70kg.,